id,name,html_url,forks,stars,size
8984148,pacman,https://github.com/A-limon/pacman,200,435,3284
798932,pacman,https://github.com/daleharvey/pacman,218,388,421
6872396,Pacman,https://github.com/zagayevskiy/Pacman,29,56,19429
3720650,pacman,https://github.com/jesseadams/pacman,39,11,216
679560,google_pacman,https://github.com/macek/google_pacman,211,412,491
1516476,PacMan,https://github.com/thiagotnunes/PacMan,8,11,6903
2873243,pacman,https://github.com/pranavmodi/pacman,11,5,291
2155750,PacMan,https://github.com/Reinual/PacMan,10,19,1475
28704310,Pacman,https://github.com/vilbeyli/Pacman,10,16,98810
48824336,pacman,https://github.com/mumuy/pacman,10,14,58
1530109,pacman,https://github.com/tjgillies/pacman,11,32,1629
2166049,pacman,https://github.com/mjg123/pacman,3,37,612
3472543,pacman,https://github.com/gregorynicholas/pacman,6,12,223
14144680,pacman,https://github.com/elixir-conspiracy/pacman,6,6,144
49948555,pacman,https://github.com/mipt-cs-on-python3/pacman,33,0,265
79476,pacman,https://github.com/schuay/pacman,7,9,2704
4722831,pacman,https://github.com/tonyrog/pacman,7,5,13
901543,pacman,https://github.com/lrytz/pacman,2,21,4436
39572114,pacman,https://github.com/DevAmil/pacman,8,0,255
4485632,pacman,https://github.com/trinker/pacman,2,39,1844
7604118,pacman,https://github.com/MarquisdeGeek/pacman,6,2,117
11434382,pacman-python,https://github.com/greyblue9/pacman-python,34,28,810
5121515,pacman-canvas,https://github.com/platzhersh/pacman-canvas,35,40,11915
6567439,pacman,https://github.com/webdestroya/pacman,4,3,14256
6813313,PacMan,https://github.com/shrike1978/PacMan,2,5,245
16246653,Pacman,https://github.com/TroyShaw/Pacman,2,7,338
29293637,pacman,https://github.com/luciopanepinto/pacman,3,9,711
4540738,Pacman,https://github.com/ruilov/Pacman,3,6,119
1835581,pacman,https://github.com/andrewsmedina/pacman,2,7,96
2086757,pacman,https://github.com/harto/pacman,4,9,2893
26483695,pacman,https://github.com/snozza/pacman,4,3,7285
455895,packer,https://github.com/keenerd/packer,60,246,501
21773953,Towerman,https://github.com/Ceth2001/Towerman,12,0,148
2355205,google-pacman,https://github.com/iidukat/google-pacman,16,6,887
13921764,MSYS2-pacman,https://github.com/Alexpux/MSYS2-pacman,14,73,20938
27770166,pacman-projects,https://github.com/monchote/pacman-projects,17,11,372
5101447,PacMan,https://github.com/pac1979/PacMan,1,30,2831
17317638,PacMan,https://github.com/zhudhjen/PacMan,3,0,602
34632455,Pacman,https://github.com/ZadorozhnaOlga/Pacman,2,0,20820
17609045,pacman,https://github.com/visma/pacman,3,4,10676
7849046,Pacman,https://github.com/kean/Pacman,1,20,5433
2592776,Pacman,https://github.com/Hasselmannen/Pacman,2,5,552
47087442,pacman,https://github.com/jcalisson/pacman,1,18,17
24539804,pacman,https://github.com/alaneric1618/pacman,3,0,682
2182674,moai-based-pacman,https://github.com/bennychen/moai-based-pacman,8,24,4064
30784578,dpkg-pacman,https://github.com/hangyan/dpkg-pacman,6,26,785
14064456,pacman-mirrors,https://github.com/manjaro/pacman-mirrors,7,7,157
1160743,android_packages_apps_Pacman,https://github.com/CyanogenMod/android_packages_apps_Pacman,23,38,258
12618759,pacman-osx,https://github.com/kladd/pacman-osx,4,29,330
33145355,PacMan,https://github.com/magdgar/PacMan,2,2,509
7380194,pacman,https://github.com/Absor/pacman,3,2,436
7635869,pacman,https://github.com/boyander/pacman,0,8,35059
9111933,Pacman,https://github.com/santialbo/Pacman,0,6,394
28652767,pacman,https://github.com/Voidly/pacman,0,8,747
1434551,pacmanager,https://github.com/perseo22/pacmanager,2,36,1681
10211887,pacman,https://github.com/tomca32/pacman,0,5,6907
686970,pacman,https://github.com/zeljkofilipin/pacman,0,5,220
17426206,PacMan,https://github.com/allenhuffman/PacMan,2,0,136
22012191,Pacman,https://github.com/Pacman555/Pacman,2,0,120849
2102916,pacman,https://github.com/moben/pacman,1,5,9736
8163257,Pacman,https://github.com/ericdekruijf/Pacman,2,0,686
24035745,pacman,https://github.com/bobeff/pacman,0,5,553
4515980,pacman,https://github.com/newagebegins/pacman,1,4,541
22114998,pacman,https://github.com/dsouzarc/pacman,0,5,6980
21013182,pacman,https://github.com/scaled/pacman,2,1,157
10875370,PacMan,https://github.com/satls/PacMan,2,0,318
15817278,Pacman,https://github.com/NullScope/Pacman,2,1,38947
6483006,Pacman,https://github.com/hbokmann/Pacman,2,4,6975
6995059,PacMan,https://github.com/igul222/PacMan,2,1,163
16787428,pacman,https://github.com/mDibyo/pacman,3,1,295
41837624,PacMan,https://github.com/Void20/PacMan,2,0,110
55811902,PacMan,https://github.com/MadhuriMotoori/PacMan,1,0,200
44415974,pachooks,https://github.com/andrewgregory/pachooks,8,28,20
14206508,jpacman-framework,https://github.com/SERG-Delft/jpacman-framework,60,18,1841
8344476,octopi,https://github.com/aarnt/octopi,31,109,8152
15936780,yaourt,https://github.com/archlinuxfr/yaourt,54,316,1733
26094728,multipac,https://github.com/hdgarrood/multipac,3,15,231
1052671,pacapt,https://github.com/icy/pacapt,33,271,296
40767271,pacmacs.el,https://github.com/codingteam/pacmacs.el,4,34,475
17716945,jacman,https://github.com/wuchong/jacman,270,506,5412
10960514,Carrera_pacman,https://github.com/CesarGN/Carrera_pacman,7,0,268
8711447,pacman-cljs,https://github.com/newsomc/pacman-cljs,1,42,1055
9528743,Javascript-Pacman,https://github.com/bxia/Javascript-Pacman,5,8,103
53090421,not-pacman,https://github.com/ENG7006/not-pacman,12,0,249
8652331,PacMan-AI,https://github.com/jcarrillo7/PacMan-AI,10,7,448
21894678,Angry-PacMan,https://github.com/Dageron/Angry-PacMan,5,8,5218
18753205,2014-PacMan-TestHarness,https://github.com/EntelectChallenge/2014-PacMan-TestHarness,13,11,2859
2611345,OPAcman,https://github.com/HenJi/OPAcman,5,12,119
13824647,PacMan-IS12,https://github.com/T1mo18/PacMan-IS12,3,5,358
12117957,libgdx-pacman,https://github.com/simondid/libgdx-pacman,6,4,173656
5007584,jpacman-framework-v5,https://github.com/avandeursen/jpacman-framework-v5,25,11,351
1193838,aurget,https://github.com/pbrisbin/aurget,12,47,325
54326901,hugo-pacman-theme,https://github.com/coderzh/hugo-pacman-theme,5,6,4317
1191089,pacman_server,https://github.com/knutin/pacman_server,3,5,199
7595030,montecarlo-pacman,https://github.com/stewartml/montecarlo-pacman,4,8,1876
18752967,2014-PacMan-SampleBot-Java,https://github.com/EntelectChallenge/2014-PacMan-SampleBot-Java,9,12,254
8110093,pacman,https://github.com/StarchLinux/pacman,0,2,1156
11014333,Pacman,https://github.com/edoren/Pacman,1,3,2272
4649397,Pacman,https://github.com/BullPaf/Pacman,0,2,736
4034290,Pacman,https://github.com/peterlech/Pacman,1,2,197
837253,Pacman,https://github.com/naoyamakino/Pacman,0,2,1288
50409336,pacman,https://github.com/mehr74/pacman,0,3,1671
1193129,pacman,https://github.com/optixx/pacman,0,3,283
24912159,Pacman,https://github.com/beneb/Pacman,0,2,2234
16144795,pacman,https://github.com/MaddawgX9/pacman,0,2,454
2964178,Pacman,https://github.com/hussainbohra/Pacman,1,2,130
17404489,Pacman,https://github.com/michalsosn/Pacman,0,2,960
20801558,PACMAN,https://github.com/SpiNNakerManchester/PACMAN,1,2,1666
7012932,Pacman,https://github.com/Joncom/Pacman,0,2,256
9413522,pacman,https://github.com/wsky/pacman,0,3,796
4306214,PacMan,https://github.com/irpap/PacMan,1,3,146
4254076,Pacman,https://github.com/KostoloM211/Pacman,0,2,96
3786253,pacman,https://github.com/metaloph1l/pacman,1,2,844
3721319,Pacman,https://github.com/Zathki/Pacman,2,3,430
369156,pacman,https://github.com/lagenar/pacman,0,2,4666
1477418,pacman,https://github.com/terralinux/pacman,0,2,1851
18834952,pacman,https://github.com/TheSLinux-forks/pacman,1,2,13564
28780302,pacman,https://github.com/mmanshanden/pacman,0,2,9022
36049051,pacman,https://github.com/rfrm/pacman,0,3,2504
40052467,pacman,https://github.com/mojoboss/pacman,1,2,900
31139216,pacman,https://github.com/kghandhi/pacman,1,3,1337
33211271,pacman,https://github.com/ebuc99/pacman,1,3,3134
3154594,PacMan,https://github.com/DuncanSin/PacMan,1,2,2052
27557988,pacman,https://github.com/lucianot/pacman,0,2,300
24500835,pacman,https://github.com/mitran/pacman,0,2,316
45825681,PacMan,https://github.com/Stenkrona/PacMan,1,2,0
39220672,Pacman,https://github.com/suprgyabhushan/Pacman,0,3,188
1504653,PACMANS,https://github.com/wmalik/PACMANS,2,3,5222
6256388,PTAM-Windows,https://github.com/LucRyan/PTAM-Windows,12,2,85881
2760996,owlman,https://github.com/baskerville/owlman,3,19,649
2235442,smart-pacman,https://github.com/blackthorne/smart-pacman,2,3,91
28147143,cd_pacman_basic,https://github.com/Paz23/cd_pacman_basic,6,1,134
50652460,Pacman-Arduino-Due,https://github.com/DrNCXCortex/Pacman-Arduino-Due,3,12,13557
12037350,pacman-cocos2d-ios,https://github.com/javierquevedo/pacman-cocos2d-ios,4,12,2138
13674690,motivational_pacman,https://github.com/cnt000/motivational_pacman,2,4,1882
2551300,qt-google-pacman,https://github.com/anak10thn/qt-google-pacman,3,4,260
16697935,pacman-for-firefox-os,https://github.com/KvnOnWeb/pacman-for-firefox-os,7,2,1986
680773,google_pacman,https://github.com/thenick/google_pacman,2,3,283
3085133,AI-Pacman,https://github.com/iveygman/AI-Pacman,3,3,496
44199929,IIC2613-pacman,https://github.com/Dietr1ch/IIC2613-pacman,5,0,1936
12089111,pacman-osx-pkgs,https://github.com/kladd/pacman-osx-pkgs,4,7,284
9902456,cs56-games-pacman,https://github.com/UCSB-CS56-Projects/cs56-games-pacman,9,0,584
32274009,assembly-pacman,https://github.com/mkhatib/assembly-pacman,2,4,148
8004927,Pacman,https://github.com/yl10030270/Pacman,0,0,192
8681241,PacMan,https://github.com/JayBazuzi/PacMan,0,0,20
8826028,pacman,https://github.com/yogishadixit/pacman,0,0,3092
9796386,pacman,https://github.com/BettinaMigot/pacman,0,0,56
10005235,pacman,https://github.com/richje71/pacman,0,0,108
9128242,PacMan,https://github.com/ramezdebbas/PacMan,0,0,1100
7628698,Pacman,https://github.com/iananass/Pacman,0,0,116
7498312,Pacman,https://github.com/nangko/Pacman,0,0,978
10744413,Pacman,https://github.com/jasonycw/Pacman,0,0,140
11576165,pacman,https://github.com/praqma-test/pacman,0,0,112
8414014,pacman,https://github.com/Windsdon/pacman,0,0,108
8918093,PacMan,https://github.com/clshores/PacMan,0,0,104
9610798,PacMan,https://github.com/PeterEss/PacMan,0,0,104
16243387,pacman,https://github.com/AktionLab/pacman,0,0,148
16129120,Pacman,https://github.com/josuf107/Pacman,0,0,280
16030152,pacman,https://github.com/danielfdzperez/pacman,0,1,240
16019760,pacman,https://github.com/gizwhu/pacman,0,0,128
16029457,PacMan,https://github.com/bill-bradley/PacMan,0,0,332
16417146,Pacman,https://github.com/mtthp/Pacman,0,0,2416
16388475,Pacman,https://github.com/rucker21/Pacman,0,0,140
16433904,Pacman,https://github.com/JockeBTH/Pacman,0,0,104
13181949,PacMan,https://github.com/jgacitua/PacMan,0,0,1752
13702474,pacman,https://github.com/13joe/pacman,0,0,100
12872954,pacman,https://github.com/cpd85/pacman,0,0,288
13104337,PacMan,https://github.com/kanpu3ylja/PacMan,0,0,1332
12325247,Pacman,https://github.com/poi519/Pacman,0,1,280
13130228,Pacman,https://github.com/leahpar/Pacman,0,0,828
13990688,PacMan,https://github.com/siggika/PacMan,0,0,1152
14332155,Pacman,https://github.com/jluce1996/Pacman,0,0,108
13810429,PacMan,https://github.com/eazama/PacMan,0,0,116636
15268741,Pacman,https://github.com/AlexanderMladenov/Pacman,0,0,18208
15342708,pacman,https://github.com/gautierm/pacman,0,0,108
15820222,pacman,https://github.com/shagunakarsh/pacman,0,0,6240
14680889,Pacman,https://github.com/AntonioNP/Pacman,0,0,456
14892699,Pacman,https://github.com/EnriqueGimeno/Pacman,0,0,132
12462074,pacman,https://github.com/sra448/pacman,0,0,1840
3799152,PacMan,https://github.com/renato-scaroni/PacMan,0,1,14200
4572121,pacman,https://github.com/vodik/pacman,0,1,11648
6751140,pacman,https://github.com/aboritskiy/pacman,1,0,2276
7015854,Pacman,https://github.com/justforassignment/Pacman,0,0,100
6867467,Pacman,https://github.com/prShadoko/Pacman,0,1,3204
3285361,pacman,https://github.com/avrum75/pacman,0,1,720
3598317,pacman,https://github.com/towski/pacman,0,1,204
4069357,pacman,https://github.com/burntcookie90/pacman,0,1,1992
4233639,pacman,https://github.com/satansdeer/pacman,0,1,12756
4124421,PacMan,https://github.com/hackberd/PacMan,0,1,88
5521247,Pacman,https://github.com/ThomasWedler/Pacman,1,0,90680
6590264,pacman,https://github.com/luckysource/pacman,0,1,120
7223103,Pacman,https://github.com/adchilds/Pacman,0,0,272
1344729,pacman,https://github.com/justy/pacman,0,1,159
835996,Pacman,https://github.com/psde/Pacman,0,1,112
2483469,Pacman,https://github.com/chrb22/Pacman,0,1,128
17321231,pacman,https://github.com/metallifan666/pacman,0,0,0
17293482,PacMan,https://github.com/Iti4B/PacMan,0,0,108
17397988,PacMan,https://github.com/JVieraLedo/PacMan,0,0,572
17384175,Pacman,https://github.com/ayousufi/Pacman,0,0,184
17576204,pacman,https://github.com/JordanBrion/pacman,0,1,1184
44381286,Pacman,https://github.com/Tom32/Pacman,0,0,0
16501005,Pacman,https://github.com/reah/Pacman,1,0,360
17130596,Pacman,https://github.com/MartinLG/Pacman,0,0,264
17118101,Pacman,https://github.com/oeTTeo/Pacman,0,0,140
30658040,pacman,https://github.com/LukinEgor/pacman,0,0,120
27079069,pacman,https://github.com/stefencanning/pacman,0,0,1880
27094725,PacMan,https://github.com/mateobosco/PacMan,0,0,1700
26927138,Pacman,https://github.com/alexandrovall/Pacman,0,0,288
26963606,Pacman,https://github.com/ethanejohnsons/Pacman,0,0,448
28774156,Pacman,https://github.com/mishraiit/Pacman,0,1,116
28948214,pacman,https://github.com/cameroncruz/pacman,0,0,368
29094761,PACMAN,https://github.com/rrzatkie/PACMAN,0,0,0
27693089,Pacman,https://github.com/mayingjie/Pacman,1,0,7448
27391635,pacman,https://github.com/andycylam/pacman,0,0,104
27846386,Pacman,https://github.com/ssminimaxss/Pacman,0,0,0
26108041,PacMan,https://github.com/m-hansen/PacMan,0,1,993
25744035,pacman,https://github.com/kannandreams/pacman,0,0,136
26453020,Pacman,https://github.com/michael-whelan/Pacman,0,0,1896
26448204,pacman,https://github.com/nesterione/pacman,0,0,412
31416939,pacman,https://github.com/ACPrime/pacman,0,0,0
31685782,pacman,https://github.com/leomachadop/pacman,0,0,136
31694472,Pacman,https://github.com/MUJICAM/Pacman,0,0,288
31818658,pacman,https://github.com/PlainLazy/pacman,0,0,196
30221811,PacMan,https://github.com/kevinkoo001/PacMan,0,0,4700
30486252,Pacman,https://github.com/pasrichadhruva/Pacman,0,0,0
30478431,pacman,https://github.com/robertshamshoian/pacman,0,0,120
30453038,PacMan,https://github.com/Zeyue/PacMan,0,0,132
30593477,Pacman,https://github.com/WhiffyParper/Pacman,0,0,140
28157579,pacman,https://github.com/PBBlachuu/pacman,1,0,312
28576255,pacman,https://github.com/kaushal/pacman,1,0,2126
28482916,Pacman,https://github.com/antonmask/Pacman,0,0,4316
29413322,Pacman,https://github.com/martinjr1980/Pacman,0,0,7684
29733697,PacMan,https://github.com/Freywar/PacMan,0,0,1212
29687464,pacman,https://github.com/thomasverstuyft/pacman,0,0,0
32252732,PacMan,https://github.com/AzodTM/PacMan,0,0,144
22307983,Pacman,https://github.com/MonkeyTimes/Pacman,0,0,148
23094354,pacman,https://github.com/lsk567/pacman,0,0,400
24781712,pacman,https://github.com/qiqi789/pacman,0,0,240
24854180,pacman,https://github.com/kincoc11/pacman,0,0,152
24721930,PacMan,https://github.com/esfdk/PacMan,0,0,14556
24988898,pacman,https://github.com/alfonsonishikawa/pacman,0,0,384
25186521,pacman,https://github.com/prestorpan/pacman,0,0,14012
23503728,PacMan,https://github.com/chuc3/PacMan,0,0,6248
23505591,pacman,https://github.com/williams-Pol/pacman,0,0,0
23387403,pacman,https://github.com/zekedran/pacman,0,0,108
24305468,pacman,https://github.com/thinkadd/pacman,0,0,324
25542305,PacMan,https://github.com/Invicz/PacMan,0,0,136
25275450,Pacman,https://github.com/igorpo/Pacman,0,0,188
25443970,Pacman,https://github.com/needmorecowbell/Pacman,0,0,677
24182892,pacman,https://github.com/rotdoa10/pacman,0,0,128
24182995,pacman,https://github.com/lutjuc11/pacman,0,0,124
24194080,PacMan,https://github.com/97gupe30/PacMan,0,0,160
24004437,Pacman,https://github.com/SYKim4131/Pacman,0,0,10444
21440724,PacMan,https://github.com/Mrjoecool234/PacMan,0,0,90
21180530,PACMAN,https://github.com/ArnaudRemi/PACMAN,0,0,596
22893091,Pacman,https://github.com/Anmol2307/Pacman,0,0,2756
18622762,pacman,https://github.com/prashar/pacman,0,0,1304
18341049,Pacman,https://github.com/Wajihulhassan/Pacman,0,0,1343
18834707,PacMan,https://github.com/oliverjws/PacMan,0,0,348
17834742,pacman,https://github.com/nguyenvinhlinh/pacman,0,0,252
17945761,PacMan,https://github.com/kumaranvpl/PacMan,0,0,116
18172959,PacMan,https://github.com/Barbrady/PacMan,0,0,908
18152382,PacMan,https://github.com/shlomisaad/PacMan,0,0,0
19379036,PacMan,https://github.com/buffy20/PacMan,0,0,172
19366931,Pacman,https://github.com/znyupup/Pacman,0,0,304
19534130,Pacman,https://github.com/EsoRimmer/Pacman,0,0,0
19550545,Pacman,https://github.com/ibrahimzahoor/Pacman,0,0,320
19068914,Pacman,https://github.com/ThijsCas/Pacman,0,0,0
19008246,pacman,https://github.com/kelleystephens/pacman,0,0,7952
19128881,pacman,https://github.com/johnyu916/pacman,0,0,2016
20374943,Pacman,https://github.com/malan-x/Pacman,0,0,184
20484279,Pacman,https://github.com/julsss/Pacman,0,0,0
20016025,pacman,https://github.com/sharokh1/pacman,0,0,168
20888622,pacman,https://github.com/dcoulter45/pacman,0,0,1636
19592808,Pacman,https://github.com/gongfuio/Pacman,0,0,472
29134492,pacman,https://github.com/polmo3/pacman,0,0,124
26663528,pacman,https://github.com/ankermarco/pacman,0,0,864
29625684,pacman,https://github.com/lesquoyb/pacman,0,0,19560
29785304,pacman,https://github.com/sorcix/pacman,0,0,104
29825170,PacMan,https://github.com/hwills/PacMan,0,0,124
32511886,PacMan,https://github.com/LeoLetourneur/PacMan,0,0,956
32524279,PacMan,https://github.com/djachenko/PacMan,0,0,196
31912040,pacman,https://github.com/pecota/pacman,1,1,135
32409569,pacman,https://github.com/eduard-paul/pacman,2,0,6888
38185964,pacman,https://github.com/jimmy200/pacman,0,0,116
39790420,pacman,https://github.com/jmle/pacman,0,0,532
40418940,Pacman,https://github.com/ailyntong/Pacman,0,0,4112
40106407,pacman,https://github.com/IsayevFazil/pacman,0,0,10908
40189789,pacman,https://github.com/codeandwhiskey/pacman,0,0,296
40569752,Pacman,https://github.com/LenweSeregon/Pacman,0,0,19120
37634144,pacman,https://github.com/dllpet/pacman,1,0,122
37851804,PacMan,https://github.com/nihttoter/PacMan,0,0,112
39326704,pacman,https://github.com/Ashkash28/pacman,0,0,388
39538851,pacman,https://github.com/SamReha/pacman,0,0,768
33031776,Pacman,https://github.com/Mothil93/Pacman,0,0,292
33367723,Pacman,https://github.com/SandeepKasa/Pacman,0,0,132
32919163,pacman,https://github.com/joanap/pacman,0,0,568
41267525,PACMAN,https://github.com/martumv/PACMAN,0,0,100
40943369,pacman,https://github.com/pacmac-packages/pacman,0,0,144
38423785,pacman,https://github.com/ext4t1c0/pacman,0,0,1004
35056864,pacman,https://github.com/jd-duncan/pacman,0,0,61040
34982443,pacman,https://github.com/estebangallego/pacman,0,0,104
35234677,PacMan,https://github.com/JadoreDavia/PacMan,0,0,0
35235915,Pacman,https://github.com/smithdodo/Pacman,0,0,9932
33748417,Pacman,https://github.com/ahmadbk/Pacman,0,0,132
33361320,pacman,https://github.com/nyashcore/pacman,0,0,898
33438156,pacman,https://github.com/ru-faraon/pacman,0,0,708
33447646,pacman,https://github.com/iranhoe/pacman,0,0,248
29450014,pacman,https://github.com/Unaxy/pacman,0,0,112
29245636,pacman,https://github.com/weixsong/pacman,1,0,518
29832656,Pacman,https://github.com/MustafaFerhan/Pacman,0,0,260
29379397,Pacman,https://github.com/tmoss0/Pacman,0,0,364
35664656,Pacman,https://github.com/rostislawk/Pacman,0,0,796
35726420,pacman,https://github.com/parumu/pacman,0,0,3320
35725502,Pacman,https://github.com/gmoximko/Pacman,1,1,102864
35445736,Pacman,https://github.com/spanics/Pacman,0,0,120
43541996,PacMan,https://github.com/LeonWubben/PacMan,0,0,62568
43857114,pacman,https://github.com/reinaldo422/pacman,0,0,1680
44087198,Pacman,https://github.com/MDB22/Pacman,0,0,336
45179061,pacman,https://github.com/dyson6626/pacman,0,0,0
43736392,pacman,https://github.com/nickdudaev/pacman,0,0,0
42186767,Pacman,https://github.com/danielchawla/Pacman,0,0,572
42513060,PacMan,https://github.com/TEAM-AEQUITAS/PacMan,0,0,5984
42592366,Pacman,https://github.com/purplemilk/Pacman,0,0,0
43026958,pacman,https://github.com/MarioAraque/pacman,0,0,648
42765256,Pacman,https://github.com/Gee-Bee/Pacman,0,0,268
44448539,Pacman,https://github.com/Waleed-Chaudhry/Pacman,0,0,152
43905561,pacman,https://github.com/DylanDavidson/pacman,0,0,640
41594868,Pacman,https://github.com/mic4ael/Pacman,0,0,748
41654450,pacman,https://github.com/TakayukiSakai/pacman,0,0,212
42008599,Pacman,https://github.com/popsun007/Pacman,0,0,112
42338247,Pacman,https://github.com/pujilesmana/Pacman,0,0,0
42352720,PACMAN,https://github.com/BorisBochkaryov/PACMAN,0,0,492
42430286,Pacman,https://github.com/anneomcl/Pacman,0,0,184
46342099,pacman,https://github.com/hmandal/pacman,0,0,1199
36079138,pacman,https://github.com/nadurath/pacman,0,0,325
46738234,Pacman,https://github.com/halforpower/Pacman,0,0,0
43138796,Pacman,https://github.com/genard1u/Pacman,0,0,32793
46213100,PacMan,https://github.com/PhilipGeng/PacMan,0,1,44
46514203,Pacman,https://github.com/Scozzi/Pacman,0,0,0
45825566,Pacman,https://github.com/thomja/Pacman,0,0,122900
47102502,Pacman,https://github.com/AdeelH/Pacman,0,0,47
47105677,Pacman,https://github.com/Aardow/Pacman,0,0,0
44844216,PacMan,https://github.com/microcat49/PacMan,0,0,35
46516245,pacman,https://github.com/IvanNosov/pacman,0,0,213
47311274,PACMAN,https://github.com/jwhite4870/PACMAN,0,0,4
45321110,PACMAN,https://github.com/SnyDeTreves/PACMAN,0,0,1922
27846509,pacman,https://github.com/SmythConor/pacman,0,0,2297
44541065,PacMan,https://github.com/Digmaster/PacMan,0,0,779
9418838,pacman,https://github.com/kh2ouija/pacman,0,0,8120
22642481,pacman,https://github.com/digibib/pacman,0,0,188
43044563,Pacman,https://github.com/thanhld94/Pacman,0,1,3816
43570981,Pacman,https://github.com/manjiangjie/Pacman,0,1,7911
48923568,pacman,https://github.com/homealone944/pacman,0,0,11
49112255,Pacman,https://github.com/aplmilk/Pacman,0,0,0
49112651,pacman,https://github.com/project-panman/pacman,0,0,14
32005438,pacman,https://github.com/zhangyouzhi/pacman,0,0,688
42951929,PacMan,https://github.com/UIS-NightOwls/PacMan,1,1,3146
48694721,Pacman,https://github.com/brazierl/Pacman,0,0,428
50308256,pacman,https://github.com/thomasjungblut/pacman,0,0,174
11796454,pacman,https://github.com/MareinK/pacman,0,0,1427
43596891,PACMAN,https://github.com/piturriky/PACMAN,0,0,2185
50457358,Pacman,https://github.com/0ko/Pacman,0,0,83
50372121,Pacman,https://github.com/deveartbr/Pacman,0,0,0
40415803,Pacman,https://github.com/NealRame/Pacman,0,0,462
50418029,Pacman,https://github.com/Mehran-Shakerinava/Pacman,1,0,91
49954842,PacMan,https://github.com/ThibaultGeoffroy/PacMan,0,0,969
9133652,Pacman,https://github.com/Freeaqingme/Pacman,0,1,1364
51388709,PacMan,https://github.com/gili123/PacMan,0,0,368
52105084,pacman,https://github.com/mat09876/pacman,0,0,0
45521507,Pacman,https://github.com/AkhilRaja/Pacman,0,0,256
29559605,pacman,https://github.com/AnthonyBobsin/pacman,0,1,192
45400839,Pacman,https://github.com/JordiSapesPlanas/Pacman,0,0,116
44553031,PacMan,https://github.com/Dual2Core/PacMan,0,0,1576
46015733,Pacman,https://github.com/GuttzAndNekiterEnterprises/Pacman,0,0,0
46012822,Pacman,https://github.com/jane-taleika/Pacman,0,0,0
47994431,PacMan,https://github.com/JamesG1021/PacMan,0,0,507
47771663,PacMan,https://github.com/DarkGuardsman/PacMan,0,0,31
48308468,pacman,https://github.com/harrisonDZKZ/pacman,0,0,0
45573913,Pacman,https://github.com/jd2695/Pacman,0,0,268
49343316,pacman,https://github.com/JahnaviN/pacman,0,0,0
44925971,PacMan,https://github.com/jok1985/PacMan,0,1,8316
44245585,PACMAN,https://github.com/kekal/PACMAN,0,1,396
21578347,Pacman,https://github.com/pseudomarvin/Pacman,0,1,452
50136091,pacman,https://github.com/m-pol/pacman,0,0,3937
54015581,pacman,https://github.com/chuhemiao/pacman,0,0,913
53328938,pacman,https://github.com/rodrigocachoeira/pacman,0,0,12804
54190392,pacman,https://github.com/yovin/pacman,0,0,80
52256841,Pacman,https://github.com/EfimRyabushev/Pacman,0,0,2
29030092,pacman,https://github.com/bradware/pacman,0,0,3348
52188832,pacman,https://github.com/rmhasan/pacman,0,0,90
52228558,pacman,https://github.com/vitorscassiano/pacman,0,0,0
46767960,Pacman,https://github.com/luismangubat/Pacman,0,0,2291
52762199,pacman,https://github.com/masonicGIT/pacman,0,0,9048
44539480,pacman,https://github.com/unfear/pacman,0,0,16
24668654,pacman,https://github.com/PoJieNie/pacman,0,1,41
54864420,Pacman,https://github.com/dhlevene/Pacman,0,0,52
33192591,Pacman,https://github.com/hoangdangninh/Pacman,0,0,124
55120022,Pacman,https://github.com/novaalone/Pacman,0,0,161
55418019,Pacman,https://github.com/JohnSmidt/Pacman,0,0,297
54933699,pacman,https://github.com/Mad-Otter/pacman,0,0,10
54661257,Pacman,https://github.com/AdamaDodoCisse/Pacman,0,0,16
54783274,PacMan,https://github.com/LudovicAL/PacMan,0,0,5400
16426951,pacman,https://github.com/ulrich-merkel/pacman,0,0,13197
52575435,pacman,https://github.com/yuanjia628/pacman,0,0,0
52708688,pacman,https://github.com/hana96/pacman,0,0,24420
52628311,PacMan,https://github.com/KunalPradhan415/PacMan,0,0,150
52257968,pacman,https://github.com/sailensd1/pacman,0,0,1032
52342862,Pacman,https://github.com/chelberserker/Pacman,0,0,623
46074230,PacMan,https://github.com/CollinFingar/PacMan,0,1,56256
34450822,PacMan,https://github.com/arvidelfstrom/PacMan,0,0,408
53075068,pacman,https://github.com/sunny-hong/pacman,0,0,0
53062329,Pacman,https://github.com/maxp779/Pacman,0,0,3776
50242436,pacman,https://github.com/Nolent/pacman,0,0,24
44758606,pacman,https://github.com/arkeros/pacman,0,0,264
55312358,pacman,https://github.com/jiri-altman/pacman,0,0,0
54992371,Pacman,https://github.com/zivkik/Pacman,0,0,113
45861479,pacman,https://github.com/ksallberg/pacman,0,0,12
55663520,Pacman,https://github.com/Justkim/Pacman,0,1,167
54420782,Pacman,https://github.com/Jock69pl/Pacman,0,0,273
55713731,Pacman,https://github.com/AnandRaoArt/Pacman,0,0,35
37324845,pacman,https://github.com/kcy1019/pacman,0,1,5309
20381118,pacman,https://github.com/goulash/pacman,0,0,2441
57066288,Pacman,https://github.com/Umarahmad87/Pacman,0,0,5
55896029,Pacman,https://github.com/akhtyamovrr/Pacman,0,0,138
55680651,PacMan,https://github.com/silrenlading/PacMan,0,0,9352
55711144,Pacman,https://github.com/EddieWilkie/Pacman,0,0,1789
56792157,Pacman,https://github.com/BuriedJet/Pacman,0,0,126
24183731,pacman,https://github.com/haryvc11/pacman,0,0,124
25688705,PacMan,https://github.com/yasenm/PacMan,0,0,1228
25693291,pacman,https://github.com/cryptum7/pacman,0,0,116
25830663,pacman,https://github.com/akiyokota/pacman,0,0,108
25831077,PacMan,https://github.com/sziggy/PacMan,0,0,552
24952753,Pacman,https://github.com/TodorIvanov/Pacman,0,0,0
25104720,pacman,https://github.com/Pronicoctus/pacman,0,0,0
26726819,pacman,https://github.com/Zleub/pacman,0,0,320
23589541,Pacman,https://github.com/dmorres/Pacman,0,0,0
27565534,pacman,https://github.com/wofkaa/pacman,0,0,0
27920791,Pacman,https://github.com/Jhoogland/Pacman,1,0,592
27909424,pacman,https://github.com/eshelDoron/pacman,0,0,128
27268677,Pacman,https://github.com/sefaYavuz/Pacman,1,0,684
27357782,pacman,https://github.com/PhilThomas/pacman,0,0,0
24101795,pacman,https://github.com/rroart/pacman,0,0,164
24118377,pacman,https://github.com/fieldsofgold/pacman,1,0,114
24384965,PacMan,https://github.com/carlaecomp/PacMan,0,0,692
19447732,PacMan,https://github.com/limiaspasdaniel/PacMan,0,0,0
19999385,pacman,https://github.com/FranciscoDA/pacman,0,1,184
20015917,Pacman,https://github.com/ashwindos/Pacman,0,0,0
19858657,paCman,https://github.com/pocketrocket/paCman,0,0,108
19891467,Pacman,https://github.com/seamanmur/Pacman,0,0,1396
19954296,PacMan,https://github.com/devpilgrin/PacMan,0,0,8336
19947335,PacMan,https://github.com/serreri-andrea/PacMan,0,0,1564
20251812,PacMan,https://github.com/mraftx/PacMan,0,0,0
20072589,Pacman,https://github.com/Amriet/Pacman,0,0,480
21166746,PacMan,https://github.com/PracticaVideojuegos/PacMan,0,0,47188
19549359,pacman,https://github.com/schorlet/pacman,0,0,7888
19088276,Pacman,https://github.com/libnyLimas/Pacman,1,0,4976
19069934,Pacman,https://github.com/Mitchbos/Pacman,0,0,0
19442023,pacman,https://github.com/eduardovra/pacman,0,0,164
22648748,Pacman,https://github.com/nicopini/Pacman,0,0,164
22569360,Pacman,https://github.com/nathanmerrill/Pacman,1,1,805
22958924,PacMan,https://github.com/alejandrohall/PacMan,0,0,732
23109909,pacman,https://github.com/charlie-boy/pacman,0,0,140
20598993,pacman,https://github.com/mooattyi/pacman,0,0,256
20580811,PacMan,https://github.com/Sairen/PacMan,1,0,140
20353084,Pacman,https://github.com/Allycen/Pacman,1,0,3632
22118821,pacman,https://github.com/geastwood/pacman,0,0,224
19123764,PacMan,https://github.com/jsparks15/PacMan,0,0,184
19016134,pacman,https://github.com/ccampb13/pacman,0,0,180
1115067,Pacman,https://github.com/ronin13/Pacman,0,1,6600
1281247,Pacman,https://github.com/MariaanW/Pacman,0,1,48
1337577,pacman,https://github.com/cookbooks/pacman,0,1,6560
1429814,pacman,https://github.com/yfw/pacman,0,1,296
2317246,Pacman,https://github.com/netopiax/Pacman,0,1,184
2643132,Pacman,https://github.com/bmh10/Pacman,0,1,104
2483332,Pacman,https://github.com/FourRand0m/Pacman,0,1,116
253520,pacman,https://github.com/redshift-xx/pacman,0,1,48
2463796,pacman,https://github.com/thawt/pacman,1,1,206
30393322,pacman,https://github.com/Ouwen/pacman,0,0,296
28928480,pacman,https://github.com/maktrix16/pacman,0,0,1280
28932810,Pacman,https://github.com/kalyanibhagat/Pacman,0,0,6976
28489073,Pacman,https://github.com/zweizman/Pacman,0,0,0
28981050,Pacman,https://github.com/brandonmowat/Pacman,0,0,5912
29224851,pacman,https://github.com/jjun14/pacman,0,0,104
30239497,PacMan,https://github.com/pahharo/PacMan,0,0,1124
29742085,Pacman,https://github.com/cberke/Pacman,2,0,2240
31561278,PacMan,https://github.com/SophieOps/PacMan,0,0,9440
31784563,PacMan,https://github.com/philippeehlert/PacMan,0,0,108
31768062,pacman,https://github.com/Infernosquad/pacman,0,0,0
31725313,PacMan,https://github.com/Draknel/PacMan,0,0,0
31725043,PacMan,https://github.com/teresa1/PacMan,0,0,0
31769524,Pacman,https://github.com/JoarGjersund/Pacman,0,0,136
28067693,PacMan,https://github.com/edanan/PacMan,0,0,0
32283654,pacman,https://github.com/denzp/pacman,0,0,2540
17109021,PacMan,https://github.com/Team-Quagga/PacMan,0,0,6468
17212165,pacman,https://github.com/unit-Pacman-G4/pacman,0,0,8808
17365955,pacman,https://github.com/anthony1810/pacman,0,0,1252
17423789,Pacman,https://github.com/hungly/Pacman,0,0,2108
15098194,pacman,https://github.com/fqassem/pacman,0,0,200
14332116,Pacman,https://github.com/hubbercraft/Pacman,0,0,100
30221811,PacMan,https://github.com/kevinkoo001/PacMan,0,0,4700
30486252,Pacman,https://github.com/pasrichadhruva/Pacman,0,0,0
30478431,pacman,https://github.com/robertshamshoian/pacman,0,0,120
30453038,PacMan,https://github.com/Zeyue/PacMan,0,0,132
30593477,Pacman,https://github.com/WhiffyParper/Pacman,0,0,140
28157579,pacman,https://github.com/PBBlachuu/pacman,1,0,312
28576255,pacman,https://github.com/kaushal/pacman,1,0,2126
28482916,Pacman,https://github.com/antonmask/Pacman,0,0,4316
29413322,Pacman,https://github.com/martinjr1980/Pacman,0,0,7684
29733697,PacMan,https://github.com/Freywar/PacMan,0,0,1212
29687464,pacman,https://github.com/thomasverstuyft/pacman,0,0,0
32252732,PacMan,https://github.com/AzodTM/PacMan,0,0,144
22307983,Pacman,https://github.com/MonkeyTimes/Pacman,0,0,148
23094354,pacman,https://github.com/lsk567/pacman,0,0,400
24781712,pacman,https://github.com/qiqi789/pacman,0,0,240
24854180,pacman,https://github.com/kincoc11/pacman,0,0,152
24721930,PacMan,https://github.com/esfdk/PacMan,0,0,14556
24988898,pacman,https://github.com/alfonsonishikawa/pacman,0,0,384
25186521,pacman,https://github.com/prestorpan/pacman,0,0,14012
23503728,PacMan,https://github.com/chuc3/PacMan,0,0,6248
23505591,pacman,https://github.com/williams-Pol/pacman,0,0,0
23387403,pacman,https://github.com/zekedran/pacman,0,0,108
24305468,pacman,https://github.com/thinkadd/pacman,0,0,324
25542305,PacMan,https://github.com/Invicz/PacMan,0,0,136
25275450,Pacman,https://github.com/igorpo/Pacman,0,0,188
25443970,Pacman,https://github.com/needmorecowbell/Pacman,0,0,677
24182892,pacman,https://github.com/rotdoa10/pacman,0,0,128
24182995,pacman,https://github.com/lutjuc11/pacman,0,0,124
24194080,PacMan,https://github.com/97gupe30/PacMan,0,0,160
24004437,Pacman,https://github.com/SYKim4131/Pacman,0,0,10444
21440724,PacMan,https://github.com/Mrjoecool234/PacMan,0,0,90
21180530,PACMAN,https://github.com/ArnaudRemi/PACMAN,0,0,596
22893091,Pacman,https://github.com/Anmol2307/Pacman,0,0,2756
18622762,pacman,https://github.com/prashar/pacman,0,0,1304
18341049,Pacman,https://github.com/Wajihulhassan/Pacman,0,0,1343
18834707,PacMan,https://github.com/oliverjws/PacMan,0,0,348
17834742,pacman,https://github.com/nguyenvinhlinh/pacman,0,0,252
17945761,PacMan,https://github.com/kumaranvpl/PacMan,0,0,116
18172959,PacMan,https://github.com/Barbrady/PacMan,0,0,908
18152382,PacMan,https://github.com/shlomisaad/PacMan,0,0,0
19379036,PacMan,https://github.com/buffy20/PacMan,0,0,172
19366931,Pacman,https://github.com/znyupup/Pacman,0,0,304
19534130,Pacman,https://github.com/EsoRimmer/Pacman,0,0,0
19550545,Pacman,https://github.com/ibrahimzahoor/Pacman,0,0,320
19068914,Pacman,https://github.com/ThijsCas/Pacman,0,0,0
19008246,pacman,https://github.com/kelleystephens/pacman,0,0,7952
19128881,pacman,https://github.com/johnyu916/pacman,0,0,2016
20374943,Pacman,https://github.com/malan-x/Pacman,0,0,184
20484279,Pacman,https://github.com/julsss/Pacman,0,0,0
20016025,pacman,https://github.com/sharokh1/pacman,0,0,168
20888622,pacman,https://github.com/dcoulter45/pacman,0,0,1636
19592808,Pacman,https://github.com/gongfuio/Pacman,0,0,472
29134492,pacman,https://github.com/polmo3/pacman,0,0,124
26663528,pacman,https://github.com/ankermarco/pacman,0,0,864
29625684,pacman,https://github.com/lesquoyb/pacman,0,0,19560
29785304,pacman,https://github.com/sorcix/pacman,0,0,104
29825170,PacMan,https://github.com/hwills/PacMan,0,0,124
32511886,PacMan,https://github.com/LeoLetourneur/PacMan,0,0,956
32524279,PacMan,https://github.com/djachenko/PacMan,0,0,196
31912040,pacman,https://github.com/pecota/pacman,1,1,135
32409569,pacman,https://github.com/eduard-paul/pacman,2,0,6888
38185964,pacman,https://github.com/jimmy200/pacman,0,0,116
39790420,pacman,https://github.com/jmle/pacman,0,0,532
40418940,Pacman,https://github.com/ailyntong/Pacman,0,0,4112
40106407,pacman,https://github.com/IsayevFazil/pacman,0,0,10908
40189789,pacman,https://github.com/codeandwhiskey/pacman,0,0,296
40569752,Pacman,https://github.com/LenweSeregon/Pacman,0,0,19120
37634144,pacman,https://github.com/dllpet/pacman,1,0,122
37851804,PacMan,https://github.com/nihttoter/PacMan,0,0,112
39326704,pacman,https://github.com/Ashkash28/pacman,0,0,388
39538851,pacman,https://github.com/SamReha/pacman,0,0,768
33031776,Pacman,https://github.com/Mothil93/Pacman,0,0,292
33367723,Pacman,https://github.com/SandeepKasa/Pacman,0,0,132
32919163,pacman,https://github.com/joanap/pacman,0,0,568
41267525,PACMAN,https://github.com/martumv/PACMAN,0,0,100
40943369,pacman,https://github.com/pacmac-packages/pacman,0,0,144
38423785,pacman,https://github.com/ext4t1c0/pacman,0,0,1004
38786103,PacMan,https://github.com/cjbara/PacMan,0,0,156
38511626,pacman,https://github.com/irislee/pacman,0,0,124
35239033,PacMan,https://github.com/pavelva/PacMan,0,0,6564
37742926,PacMan,https://github.com/jtschleb/PacMan,0,0,0
37645663,Pacman,https://github.com/wuzhipeng2014/Pacman,0,0,136
38080539,Pacman,https://github.com/denzelr/Pacman,0,0,1344
39635947,pacman,https://github.com/barwis/pacman,0,0,292
39977775,Pacman,https://github.com/patriciateroltolsa/Pacman,0,0,124
40079589,Pacman,https://github.com/ivanfreire87/Pacman,0,0,140
41070242,pacman,https://github.com/aisabellafontes/pacman,1,0,2052
41419221,pacman,https://github.com/AsterieRevancha/pacman,0,0,808
41949050,Pacman,https://github.com/aaaquib/Pacman,0,0,424
41950540,Pacman,https://github.com/gemesisiiv/Pacman,0,0,108
41965641,pacman,https://github.com/JnyJny/pacman,0,0,208
34628630,PacMan,https://github.com/LaunaKay/PacMan,0,0,636
34858372,Pacman,https://github.com/kash1102/Pacman,0,0,96
34859474,Pacman,https://github.com/liorsidi/Pacman,0,0,7040
35852407,PACMan,https://github.com/sethfloydjr/PACMan,0,0,160
34176289,pacman,https://github.com/marcosgarrido/pacman,1,0,178
34568105,Pacman,https://github.com/egordorichev/Pacman,0,0,164
36679519,pacman,https://github.com/KirillMitskevich/pacman,0,0,128
37030676,Pacman,https://github.com/VickyTerzieva/Pacman,0,0,748
37087294,pacman,https://github.com/jacobandreas/pacman,0,0,180
36175453,pacman,https://github.com/dbsima/pacman,0,0,140
36164950,pacman,https://github.com/tushar3006/pacman,0,0,124
35732604,Pacman,https://github.com/dodget/Pacman,0,0,604
36038396,Pacman,https://github.com/Sunnykins/Pacman,0,0,100
37197522,pacman,https://github.com/macrofish/pacman,0,0,144
37367356,Pacman,https://github.com/laurens9870/Pacman,0,0,0
44535412,pacman,https://github.com/Sven-Dawitz/pacman,0,1,280
43203343,pacman,https://github.com/falloutbot/pacman,0,0,2684
44006185,PacMan,https://github.com/antonidag/PacMan,0,0,2824
44266910,Pacman,https://github.com/YanaPalacheva/Pacman,0,0,0
43771611,PacMan,https://github.com/hellfish90/PacMan,0,0,148
44064796,Pacman,https://github.com/lambofreak96/Pacman,0,0,0
42299820,PacMan,https://github.com/roeeshachar/PacMan,0,0,1760
44187516,Pacman,https://github.com/sebciomax/Pacman,0,0,120
41804636,pacman,https://github.com/dusartc/pacman,0,0,270
42835602,pacman,https://github.com/isaaclzq/pacman,0,0,324
43917433,pacman,https://github.com/experiment-orange/pacman,1,0,181
20803087,pacman,https://github.com/remaerc/pacman,0,0,170
42964094,Pacman,https://github.com/abhard6/Pacman,0,0,192
42954648,pacman,https://github.com/tonyflow/pacman,0,0,160
42869791,Pacman,https://github.com/Apposer101/Pacman,0,0,0
43450707,Pacman,https://github.com/Sparksidy/Pacman,0,0,20320
43637641,Pacman,https://github.com/nadeesha90/Pacman,1,0,420
42548681,Pacman,https://github.com/Nicole20/Pacman,0,0,136
42684059,pacman,https://github.com/gayopser101/pacman,0,0,180
42219851,Pacman,https://github.com/gbajorin/Pacman,0,0,0
45024171,pacman,https://github.com/klovelovely/pacman,0,0,1928
45659199,pacman,https://github.com/suesm27/pacman,0,0,0
42957061,pacman,https://github.com/Gr1N/pacman,0,0,182
50596490,PacMan,https://github.com/ThibCharpy/PacMan,0,0,0
45678356,PacMan,https://github.com/jaccao/PacMan,0,0,9472
49141029,pacman,https://github.com/zelin-l/pacman,0,0,0
48848619,Pacman,https://github.com/InformatikMSA2015/Pacman,0,0,187
49693878,Pacman,https://github.com/henryfriedlander/Pacman,1,0,166
47995347,pacman,https://github.com/V3rd4nt/pacman,0,0,607
48848772,Pacman,https://github.com/Stilldabomb/Pacman,0,0,1245
48455338,Pacman,https://github.com/kstanisz/Pacman,0,0,322
49619315,pacman,https://github.com/jiamo/pacman,0,0,48
49074068,PacMan,https://github.com/Loxodrom3/PacMan,0,0,0
48863609,Pacman,https://github.com/MyNameIsntADAM/Pacman,0,0,0
49099096,Pacman,https://github.com/Walenty96/Pacman,0,0,45628
48075178,pacman,https://github.com/igorceridorio/pacman,0,0,2781
32980116,pacman,https://github.com/Olga142/pacman,0,0,109
48709327,Pacman,https://github.com/EX0PHIC/Pacman,0,0,19234
47830914,pacman,https://github.com/Lonesome-George/pacman,0,0,231
47901551,pacman,https://github.com/diamond53/pacman,0,0,28
48525831,Pacman,https://github.com/shadowzentral/Pacman,0,0,436
48127288,pacman,https://github.com/mclstbl/pacman,0,0,152
48729495,PacMan,https://github.com/AalokAhluwalia/PacMan,0,0,16
49483688,PacMan,https://github.com/RiballoJose/PacMan,0,0,68781
48039552,pacman,https://github.com/philipptrenz/pacman,1,0,697
51721840,pacman,https://github.com/kasra21/pacman,0,0,11984
51736275,pacman,https://github.com/polinache/pacman,0,0,0
51640314,pacman,https://github.com/cgmarcos98/pacman,0,0,100
45385551,Pacman,https://github.com/JulianHurst/Pacman,0,0,90945
34078864,pacman,https://github.com/jhoward321/pacman,0,0,1822
47304718,PacMan,https://github.com/nhuse/PacMan,0,0,0
47573949,pacman,https://github.com/Recursions/pacman,0,0,1049
47589412,PacMan,https://github.com/CaptnCrafty/PacMan,0,0,0
43030422,pacman,https://github.com/fredzqm/pacman,0,0,154
46733542,pacman,https://github.com/claudiobranca95/pacman,0,0,0
45572162,pacman,https://github.com/furrykef/pacman,0,1,226
43400533,pacman,https://github.com/gustawho/pacman,0,0,99056
46520850,PACMAN,https://github.com/OpheliePELLOUXPRAYER/PACMAN,0,0,6502
46641931,Pacman,https://github.com/moreBetterness/Pacman,0,0,0
43175576,pacman,https://github.com/luizjr92/pacman,0,0,360
45054455,PacMan,https://github.com/Stiffrock/PacMan,0,0,352
44565745,PacMan,https://github.com/SaiKrishnaMohan7/PacMan,0,0,216
45245457,pacman,https://github.com/Jolle5566/pacman,0,0,188
46251699,Pacman,https://github.com/MiltonRMontes/Pacman,0,0,0
24488882,Pacman,https://github.com/jtaylor306/Pacman,0,1,512
52846717,Pacman,https://github.com/seescode/Pacman,0,0,11460
42628624,pacman,https://github.com/BojianLi/pacman,0,0,247
53858463,Pacman,https://github.com/BlackJackBBB/Pacman,0,0,18720
53543109,PacMan,https://github.com/dcridenour/PacMan,0,0,0
54327933,Pacman,https://github.com/puffler/Pacman,0,0,0
44569354,pacman,https://github.com/MoSal/pacman,0,0,16464
54933699,pacman,https://github.com/Mad-Otter/pacman,0,0,10
54661257,Pacman,https://github.com/AdamaDodoCisse/Pacman,0,0,16
54783274,PacMan,https://github.com/LudovicAL/PacMan,0,0,5400
16426951,pacman,https://github.com/ulrich-merkel/pacman,0,0,13197
52575435,pacman,https://github.com/yuanjia628/pacman,0,0,0
52708688,pacman,https://github.com/hana96/pacman,0,0,24420
52628311,PacMan,https://github.com/KunalPradhan415/PacMan,0,0,150
52257968,pacman,https://github.com/sailensd1/pacman,0,0,1032
52342862,Pacman,https://github.com/chelberserker/Pacman,0,0,623
46074230,PacMan,https://github.com/CollinFingar/PacMan,0,1,56256
34450822,PacMan,https://github.com/arvidelfstrom/PacMan,0,0,408
53075068,pacman,https://github.com/sunny-hong/pacman,0,0,0
53062329,Pacman,https://github.com/maxp779/Pacman,0,0,3776
50242436,pacman,https://github.com/Nolent/pacman,0,0,24
44758606,pacman,https://github.com/arkeros/pacman,0,0,264
55312358,pacman,https://github.com/jiri-altman/pacman,0,0,0
54992371,Pacman,https://github.com/zivkik/Pacman,0,0,113
45861479,pacman,https://github.com/ksallberg/pacman,0,0,12
55663520,Pacman,https://github.com/Justkim/Pacman,0,1,167
37324845,pacman,https://github.com/kcy1019/pacman,0,1,5309
55713731,Pacman,https://github.com/AnandRaoArt/Pacman,0,0,35
54420782,Pacman,https://github.com/Jock69pl/Pacman,0,0,273
20381118,pacman,https://github.com/goulash/pacman,0,0,2441
54227737,PAcman,https://github.com/kinming92/PAcman,0,0,3
56917971,pacman,https://github.com/benjaminRomano/pacman,0,0,452
54148650,PacMan,https://github.com/SchadtJ/PacMan,0,0,171
55506156,PacMan,https://github.com/Banele1/PacMan,1,0,19
56990974,pacman,https://github.com/MJBrooke/pacman,0,0,62
6211813,Pacman,https://github.com/poksme/Pacman,0,0,1687
5798551,Pacman,https://github.com/jw2013/Pacman,0,0,206
6795258,pacman,https://github.com/KleMiX/pacman,0,0,5264
8204941,PACMAN,https://github.com/ptichalouf/PACMAN,0,0,108
8269528,Pacman,https://github.com/kadetlessy/Pacman,0,1,428
8378208,Pacman,https://github.com/severi/Pacman,0,0,20360
8430728,pacman,https://github.com/milax/pacman,0,0,172
8947039,pacman,https://github.com/kalgecin/pacman,0,0,1098
8000741,Pacman,https://github.com/bradenwatling/Pacman,0,0,1672
8063803,PacMan,https://github.com/toothRus/PacMan,0,0,104
5711604,pacman,https://github.com/petekalo/pacman,0,0,112
6424231,pacman,https://github.com/Cross22/pacman,0,0,256
6425049,pacman,https://github.com/uysalere/pacman,0,0,120
6226015,Pacman,https://github.com/Fedake/Pacman,0,0,212
6309264,Pacman,https://github.com/sushant-hiray/Pacman,0,0,2764
10201127,pacman,https://github.com/kruunch/pacman,0,0,56
10193345,Pacman,https://github.com/turgayozgur/Pacman,0,0,11452
9184664,PacMan,https://github.com/Oliviawang/PacMan,0,0,400
9220076,PacMan,https://github.com/ThierryL/PacMan,0,0,492
8977467,PacMan,https://github.com/nicodvk/PacMan,0,0,360
10390175,Pacman,https://github.com/Fl0h/Pacman,0,1,56
10694598,Pacman,https://github.com/PedroSoldado/Pacman,0,0,228
10718742,pacman,https://github.com/nonothing/pacman,1,1,769
9948817,pacman,https://github.com/ziw/pacman,0,0,132
9881741,pacman,https://github.com/edu-bob/pacman,0,1,184
9737503,Pacman,https://github.com/galedric/Pacman,0,0,204
12295311,PacMan,https://github.com/sp-alex-osou/PacMan,0,0,164
14332399,pacman,https://github.com/twichey/pacman,0,0,280
14475108,pacman,https://github.com/wparad/pacman,0,1,1768
14571808,pacman,https://github.com/mkapnick/pacman,1,1,312
15112697,PACMAN,https://github.com/duongminh07/PACMAN,0,0,200
13635066,pacman,https://github.com/jackflips/pacman,0,0,2004
13183563,pacman,https://github.com/lowfatcomputing/pacman,1,0,12620
15508616,Pacman,https://github.com/huiwq1990/Pacman,0,0,2008
15651967,PacMan,https://github.com/mightofcode/PacMan,0,0,98924
15786230,Pacman,https://github.com/diadu6/Pacman,0,0,0
10909177,pacman,https://github.com/niallpurdie/pacman,0,0,144
12584921,Pacman,https://github.com/hhkopper/Pacman,0,0,4828
12589096,Pacman,https://github.com/GBT3101/Pacman,0,0,1156
12132717,pacman,https://github.com/lpgiraldez/pacman,0,0,74
12645743,pacman,https://github.com/Grilloweb/pacman,0,0,6788
14703762,pacman,https://github.com/germanoa/pacman,0,0,10912
14896640,pacman,https://github.com/superbounou/pacman,0,0,148
12791295,pacman,https://github.com/afelipecarvalho/pacman,0,0,108
12021477,pacman,https://github.com/Sachs27/pacman,0,0,180
15998619,Pacman,https://github.com/PhilipMcGowan/Pacman,0,0,1864
15967844,PacMan,https://github.com/lauraprem/PacMan,0,0,0
2581330,pacman,https://github.com/cjw296/pacman,0,1,112
4095356,pacman,https://github.com/yetilinux/pacman,0,1,88
4607173,PacMan,https://github.com/pol51/PacMan,0,1,504
3284810,Pacman,https://github.com/aerojun/Pacman,0,0,140
3294327,PacMan,https://github.com/redyellowgreen99/PacMan,0,1,48
3561047,pacman,https://github.com/neekey/pacman,0,1,632
3948855,PacMan,https://github.com/vageeshdc/PacMan,0,1,74
854872,pacman,https://github.com/miyamuko/pacman,0,1,116
938815,Pacman,https://github.com/msherman/Pacman,0,1,88
2342182,pacman,https://github.com/gmn/pacman,1,1,1488
5231702,pacman,https://github.com/thomasmacpherson/pacman,0,1,128
9230790,pacman,https://github.com/commnerd/pacman,0,0,144
11761499,Pacman,https://github.com/lidanh/Pacman,1,0,11380
11568737,pacman,https://github.com/JohnFrazier/pacman,0,0,12368
576129,pacman,https://github.com/gslin/pacman,0,1,96
704083,pacman,https://github.com/jirok01/pacman,0,1,48
465298,pacman,https://github.com/mostalive/pacman,0,0,76
1507186,pacman,https://github.com/decs/pacman,1,1,816
1494886,Pacman,https://github.com/cglong/Pacman,0,1,360
1169155,pacman,https://github.com/ramh/pacman,0,1,2280
1272888,pacman,https://github.com/jiva/pacman,0,1,2380
1819548,pacman,https://github.com/roalex/pacman,0,1,180
17195861,PacMan,https://github.com/ohnx/PacMan,0,0,11152
17288336,pacman,https://github.com/OjeromeO/pacman,0,0,648
16804098,pacman,https://github.com/anubhav914/pacman,0,1,332
17862828,pacman,https://github.com/vdua/pacman,0,0,140
17643373,pacman,https://github.com/vt4a2h/pacman,0,1,220
17535719,pacman,https://github.com/ProgrammerKid/pacman,0,0,120
16661031,pacman,https://github.com/boxbag/pacman,0,0,156
16500628,PacMan,https://github.com/sanketc/PacMan,0,0,1736
16536577,Pacman,https://github.com/frazchaudhry/Pacman,0,0,184
16297797,pacman,https://github.com/podhavik/pacman,0,0,708
29787447,pacman,https://github.com/urdnaxela/pacman,1,0,42012
29770250,PacMan,https://github.com/dawistr/PacMan,0,0,1336
29796676,Pacman,https://github.com/Flydiverny/Pacman,0,0,2736
29739316,Pacman,https://github.com/TheTemportalist/Pacman,0,0,988
30029936,pacman,https://github.com/aerostami/pacman,0,1,4684
30018947,pacman,https://github.com/przemyslawcuber/pacman,0,0,204
26199197,pacman,https://github.com/Werror/pacman,0,0,136
26166995,Pacman,https://github.com/alu0100537512/Pacman,0,0,232
26625308,Pacman,https://github.com/proferio/Pacman,0,0,376
26759546,Pacman,https://github.com/SrgKor/Pacman,0,0,1660
27727476,pacman,https://github.com/desewolfpack/pacman,0,0,0
27701089,pacman,https://github.com/andyhutch345/pacman,0,0,140
28356703,PacMan,https://github.com/AdnanDervisevic/PacMan,0,0,49212
27715668,pacman,https://github.com/HistoricalValue/pacman,0,0,43096
28829292,PacMan,https://github.com/ckhamash/PacMan,0,0,19028
29092189,Pacman,https://github.com/senerh/Pacman,0,0,580
29457854,Pacman,https://github.com/The-Ofek-Foundation/Pacman,0,0,392
29453647,Pacman,https://github.com/awinick/Pacman,0,1,148
29338618,Pacman,https://github.com/lthben/Pacman,0,0,34956
29512319,Pacman,https://github.com/DatCorno/Pacman,0,0,192
27057476,pacman,https://github.com/dylnmc/pacman,0,0,124
27079498,PacMan,https://github.com/CillianFlood/PacMan,0,0,0
27079058,pacman,https://github.com/GavinClarke/pacman,0,0,1988
27084269,pacman,https://github.com/saucewan/pacman,0,0,104
25295234,pacman,https://github.com/korjuc11/pacman,0,0,136
25793703,PacMan,https://github.com/florisdh/PacMan,0,0,100
25995374,Pacman,https://github.com/CristopherLeal/Pacman,0,0,876
27018466,pacman,https://github.com/pvmolle/pacman,0,0,4683
22642903,PacMan,https://github.com/CodeByZero/PacMan,0,0,240
22924410,pacman,https://github.com/papajoker/pacman,0,0,180
23770517,pacman,https://github.com/nasreddineskandrani/pacman,1,0,464
24174088,PacMan,https://github.com/ikemonn/PacMan,0,0,0
24233183,pacman,https://github.com/claudiug/pacman,0,0,2136
18842588,Pacman,https://github.com/IvanBahchevanov/Pacman,0,0,220
23552353,PacMan,https://github.com/Oragada/PacMan,0,0,2180
24330796,pacman,https://github.com/MarcMurphy/pacman,0,0,100
24330279,Pacman,https://github.com/ChrisSherlock91/Pacman,0,0,1908
24182975,Pacman,https://github.com/plafac09/Pacman,0,0,172
24982476,pacman,https://github.com/goevea11/pacman,0,0,0
24985114,PacMan,https://github.com/PGS4/PacMan,0,0,340
24627410,Pacman,https://github.com/ssshi/Pacman,0,0,768
19908140,Pacman,https://github.com/martijnwetering/Pacman,0,0,1484
20314736,pacman,https://github.com/amygdalama/pacman,0,0,148
20147484,Pacman,https://github.com/vitviki/Pacman,0,0,0
19392938,pacman,https://github.com/Crazy0range/pacman,0,1,9372
19436179,pacman,https://github.com/jp295/pacman,0,0,1056
19470803,Pacman,https://github.com/repeatingmeme/Pacman,0,0,2676
19387112,pacman,https://github.com/ansanes/pacman,0,0,437
20557186,PACMAN,https://github.com/jaroso78/PACMAN,0,0,2064
20751663,PacMan,https://github.com/mharen/PacMan,0,0,352
20801236,Pacman,https://github.com/GalLuvton/Pacman,0,0,1156
18962721,Pacman,https://github.com/D4rkFr4g/Pacman,0,0,152
19015705,pacman,https://github.com/slyeargin/pacman,0,0,216
19014216,pacman,https://github.com/rachelself/pacman,0,0,180
19016201,pacman,https://github.com/fishkel-truelogic/pacman,1,0,1664
18943887,pacman,https://github.com/aleksej-lukyanets/pacman,0,0,940
19071033,pacman,https://github.com/mspanoghe/pacman,0,0,0
17683113,Pacman,https://github.com/DarioTaipe/Pacman,0,0,124
17922364,Pacman,https://github.com/Bia41/Pacman,0,0,324
17880594,Pacman,https://github.com/lenriquez/Pacman,0,0,8420
16897908,Pacman,https://github.com/forkHub/Pacman,0,0,232
30648676,pacman,https://github.com/eugene-batalov/pacman,1,0,15024
31361710,pacman,https://github.com/davisoski/pacman,0,0,352
31361097,pacman,https://github.com/jlamaro/pacman,0,0,0
31246280,PacMan,https://github.com/httpNick/PacMan,0,0,3900
31288556,PacMan,https://github.com/realityfightsback/PacMan,0,0,256
31755823,pacMan,https://github.com/ZephyrYin/pacMan,0,0,260
31685780,PACMAN,https://github.com/tiagoferraro/PACMAN,0,0,164
31685793,pacman,https://github.com/ruhferrari/pacman,0,0,140
31633279,pacman,https://github.com/tienthanh8490/pacman,0,0,412
32944743,Pacman,https://github.com/chrisdclark3/Pacman,0,0,188
32198737,Pacman,https://github.com/obiwandu/Pacman,1,0,480
32825772,PacMan,https://github.com/Gimli05/PacMan,0,0,13380
32817780,Pacman,https://github.com/Huuhkis/Pacman,0,0,140
30777433,pacman,https://github.com/Gorang-Maniar/pacman,0,0,140
30953244,pacman,https://github.com/marcallkz/pacman,0,0,104
30798672,PacMan,https://github.com/kasra73/PacMan,0,0,0
33133658,Pacman,https://github.com/alesapin/Pacman,0,0,712
39627513,Pacman,https://github.com/kennethyang404/Pacman,0,0,1876
40502876,Pacman,https://github.com/Inkzzz/Pacman,0,0,136
38801846,Pacman,https://github.com/bschmitz9/Pacman,0,0,116
38880960,pacman,https://github.com/LewisTehMinerz/pacman,0,0,120
38967023,Pacman,https://github.com/TinfoilHat0/Pacman,0,0,296
38723416,pacman,https://github.com/hibooboo2/pacman,1,0,215
38475780,pacman,https://github.com/shinya-marshmallow/pacman,0,0,161
42287717,Pacman,https://github.com/soltrejos/Pacman,0,0,120
37551841,Pacman,https://github.com/abdullahtariq1171/Pacman,0,0,368
38136544,Pacman,https://github.com/MalteBahr/Pacman,0,0,224
38116915,pacman,https://github.com/MiloBuwalda/pacman,0,0,52076
41258909,pacman,https://github.com/mninmr/pacman,0,0,168
41314647,PACMAN,https://github.com/chin-dovale/PACMAN,0,0,120
41434329,Pacman,https://github.com/iksdrogihj/Pacman,0,0,116
41445309,pacman,https://github.com/ferhagen/pacman,0,0,140
40027995,PacMan,https://github.com/Seshelle/PacMan,0,0,3020
34352045,pacman,https://github.com/tapczan666/pacman,0,0,1236
34589414,pacman,https://github.com/Psykofloyd/pacman,0,0,3456
34740444,Pacman,https://github.com/formontera/Pacman,0,0,120
34741829,Pacman,https://github.com/IhorMykhaliak/Pacman,0,0,3589
35827564,Pacman,https://github.com/Nonbloke/Pacman,0,0,308
33391212,Pacman,https://github.com/Xandaros/Pacman,0,0,112
33551429,Pacman,https://github.com/tsoglani/Pacman,0,0,168
36456620,Pacman,https://github.com/sakox/Pacman,0,0,212
36932742,pacman,https://github.com/Mozg1024/pacman,0,0,2064
36778876,PacMan,https://github.com/JustBeingFriendly/PacMan,0,0,11120
36936175,Pacman,https://github.com/Danten/Pacman,1,0,141
35180265,pacman,https://github.com/runemoennike/pacman,0,0,12768
35086484,pacman,https://github.com/reececomo/pacman,0,1,408
35116181,Pacman,https://github.com/Rhamill7/Pacman,0,0,164
35113809,pacman,https://github.com/shubhamkmr47/pacman,0,0,132
34976801,PacMan,https://github.com/philigobears/PacMan,0,0,1828
44151483,Pacman,https://github.com/SBEnergy/Pacman,1,0,100
44487627,pacman,https://github.com/gabeg805/pacman,0,0,108
44495349,Pacman,https://github.com/kcolford/Pacman,0,0,140
43785638,PacMan,https://github.com/Xidrovo/PacMan,0,0,38348
44030520,pacman,https://github.com/quer/pacman,0,0,176
45206207,Pacman,https://github.com/lucieleblanc/Pacman,0,0,108
44489917,pacman,https://github.com/leolsson/pacman,1,0,214
44684767,pacman,https://github.com/vpatamalla/pacman,0,0,124
42617651,PacMan,https://github.com/StephGarland/PacMan,0,0,4184
43720138,Pacman,https://github.com/sbabski/Pacman,0,0,172
45358940,Pacman,https://github.com/pt15/Pacman,0,0,140
45364286,pacman,https://github.com/MichaelQQ/pacman,0,0,384
45305957,pacman,https://github.com/lianchengjiang/pacman,0,0,112
44739740,pacman,https://github.com/mireialopez/pacman,1,0,126
45615913,pacman,https://github.com/xzorcious/pacman,0,0,0
45216718,Pacman,https://github.com/carlosgomezr/Pacman,0,0,144
45509142,PacMan,https://github.com/FindKim/PacMan,0,0,608
50145711,Pacman,https://github.com/afbeals/Pacman,0,0,12
50325418,Pacman,https://github.com/G0rg3th/Pacman,0,0,0
49078084,PACMAN,https://github.com/dfantasia/PACMAN,0,0,7768
50034161,Pacman,https://github.com/akaragou/Pacman,0,0,15
34390919,pacman,https://github.com/Yoplitein/pacman,0,1,312
48871600,pacman,https://github.com/Red-Lightning/pacman,0,0,817
47524291,Pacman,https://github.com/carolinajimenez26/Pacman,0,0,48663
49101144,Pacman,https://github.com/filipni/Pacman,0,0,624
36882225,pacman,https://github.com/degroote22/pacman,0,0,0
45486704,pacman,https://github.com/henriquedsg89/pacman,0,1,171
22931654,Pacman,https://github.com/Thehittman71/Pacman,0,0,112
49602704,Pacman,https://github.com/Weys/Pacman,0,0,0
48950462,Pacman,https://github.com/YorkHe/Pacman,1,0,92
49611210,pacman,https://github.com/oscarvazquez/pacman,0,0,88
50458011,pacman,https://github.com/anthraxx/pacman,0,0,15611
50512483,Pacman,https://github.com/izmailkov/Pacman,0,0,8
8337649,pacman,https://github.com/Vishak/pacman,0,1,232
49764608,Pacman,https://github.com/zyhuaSherilyn/Pacman,0,0,30
48276830,Pacman,https://github.com/miachm/Pacman,0,0,685
50276448,Pacman,https://github.com/alextsun/Pacman,0,0,13
16299368,pacman,https://github.com/arongdari/pacman,0,0,1712
49807583,pacman,https://github.com/sharonli/pacman,0,0,96
51994721,pacman,https://github.com/CLaigit/pacman,0,0,4354
52216567,pacman,https://github.com/t3dodson/pacman,0,0,2
52204720,pacman,https://github.com/oeb25/pacman,0,0,13
51302762,PacMan,https://github.com/jedijrt/PacMan,0,0,261
51152790,Pacman,https://github.com/AleksKL/Pacman,0,0,17
40099011,Pacman,https://github.com/Zopherus/Pacman,0,0,96
47994401,pacman,https://github.com/felex0982/pacman,0,0,4603
51222617,Pacman,https://github.com/trotter94/Pacman,0,0,9277
49772043,pacman,https://github.com/Hexo-Theme/pacman,0,0,965
52087390,Pacman,https://github.com/bartoszgawron/Pacman,0,0,0
49364567,pacman,https://github.com/trojanwarrior/pacman,0,0,95500
51959940,Pacman,https://github.com/ThamisCaetano/Pacman,0,0,294
54738160,pacman,https://github.com/GamePyx/pacman,0,0,1
49977853,Pacman,https://github.com/pglg95/Pacman,0,0,2182
54762994,Pacman,https://github.com/truongbuu/Pacman,0,0,0
54829778,Pacman,https://github.com/BenEfrati/Pacman,0,0,0
49822658,Pacman,https://github.com/Adre4m/Pacman,0,0,27464
49383018,pacman,https://github.com/dharmeshrupani/pacman,0,1,1
47247219,pacman,https://github.com/via-site/pacman,0,0,9
6566272,pacman,https://github.com/andrewgregory/pacman,0,0,19944
53389183,pacman,https://github.com/arjundevarajan/pacman,0,0,217
53966160,pacman,https://github.com/FogoDev/pacman,0,0,627
53322984,Pacman,https://github.com/J0N35/Pacman,0,0,169
50064113,pacman,https://github.com/fuzzybuddha/pacman,0,1,518
53479079,Pacman,https://github.com/PadenJones/Pacman,0,0,308
51003872,Pacman,https://github.com/jclarkrichards/Pacman,0,0,111
29787483,pacman,https://github.com/eworm-de/pacman,0,0,14732
47821323,Pacman,https://github.com/marcelopasin/Pacman,0,0,0
45825747,Pacman,https://github.com/IronChest/Pacman,0,0,0
40329923,pacman,https://github.com/Touhead/pacman,0,0,168
44448662,PacMan,https://github.com/David-Eddie/PacMan,0,0,944
46144900,Pacman,https://github.com/yudiwbs/Pacman,0,0,0
37676166,PacMan,https://github.com/isma91/PacMan,0,0,60088
46202464,pacman,https://github.com/zetsnotdead/pacman,0,0,0
46839635,pacman,https://github.com/lcain/pacman,0,0,690
46695271,Pacman,https://github.com/designfaize/Pacman,0,0,48797
46686424,Pacman,https://github.com/SughiY/Pacman,0,0,172
44739933,PACMAN,https://github.com/Pintor16/PACMAN,0,0,8
47044485,pacman,https://github.com/aashish2264/pacman,0,0,201
24232203,pacMan,https://github.com/WsCandy/pacMan,0,0,188
46226345,Pacman,https://github.com/Felcks/Pacman,0,0,2269
47944392,pacman,https://github.com/bbathel12/pacman,0,0,23
47550414,pacman,https://github.com/CoronaFiredancer/pacman,0,0,628
13546902,pacman,https://github.com/galaxykate/pacman,0,1,2072
44564878,Pacman,https://github.com/hongjingZ/Pacman,1,0,0
48455255,pacman,https://github.com/Raju2894/pacman,0,0,2
48423566,Pacman,https://github.com/agoryu/Pacman,0,0,27540
48308698,pacman,https://github.com/HarrisonPersonal/pacman,0,0,0
48205838,PacMan,https://github.com/jwt1029/PacMan,0,0,0
47904868,PACMAN,https://github.com/naomijub/PACMAN,0,0,6620
48228666,Pacman,https://github.com/immybo/Pacman,0,0,24
48642877,Pacman,https://github.com/envolver/Pacman,0,0,0
52466210,Pacman,https://github.com/francescfores/Pacman,0,0,0
53013134,pacman,https://github.com/shou7783/pacman,0,0,144
53090731,PacMan,https://github.com/deerishi/PacMan,0,0,669
34959956,pacman,https://github.com/jeffreybiles/pacman,0,0,44
53296438,Pacman,https://github.com/Nata1ika/Pacman,0,0,1808
53222662,Pacman,https://github.com/rayclark200/Pacman,0,0,0
18181827,pacman,https://github.com/djarbo/pacman,0,0,496
53770927,pacman,https://github.com/CWright777/pacman,0,0,18
54062102,PacMan,https://github.com/mihl9/PacMan,0,0,168
55657985,PacMan,https://github.com/jacktionary/PacMan,0,0,15769
54673058,pacman,https://github.com/agustinmista/pacman,0,0,561
55120724,pacman,https://github.com/esaygo/pacman,0,0,22
31733010,Pacman,https://github.com/Shadow97175/Pacman,0,0,136
55016661,pacman,https://github.com/belfazt/pacman,0,0,7
55518909,pacman,https://github.com/adimordoch/pacman,0,0,0
