id,name,html_url,forks,stars,size,language,url,created_at,watchers,pull_requests,commits
3473437,dijkstra,https://github.com/andrewhayward/dijkstra,27,68,107,JavaScript,https://api.github.com/repos/andrewhayward/dijkstra,2012-02-17T20:11:10Z,7,0,4
1398985,dijkstra,https://github.com/stewbob/dijkstra,10,11,111,Java,https://api.github.com/repos/stewbob/dijkstra,2011-02-22T19:23:52Z,4,0,2
56004753,dijkstra-cartography,https://github.com/ibaaj/dijkstra-cartography,36,932,49829,C++,https://api.github.com/repos/ibaaj/dijkstra-cartography,2016-04-11T20:19:57Z,28,0,10
7941142,dijkstra,https://github.com/julianbrowne/dijkstra,5,18,494,JavaScript,https://api.github.com/repos/julianbrowne/dijkstra,2013-01-31T17:03:40Z,1,0,13
8120179,dijkstras-algorithm,https://github.com/mburst/dijkstras-algorithm,56,126,21,Java,https://api.github.com/repos/mburst/dijkstras-algorithm,2013-02-10T07:26:42Z,13,0,16
15601505,dijkstra,https://github.com/gaye/dijkstra,3,5,100,JavaScript,https://api.github.com/repos/gaye/dijkstra,2014-01-03T04:51:46Z,1,0,1
5071281,Dijkstra,https://github.com/mapa17/Dijkstra,4,2,135,C,https://api.github.com/repos/mapa17/Dijkstra,2012-07-16T18:11:36Z,1,0,5
20595513,Dijkstra-swift,https://github.com/juliengomes/Dijkstra-swift,9,29,185,Swift,https://api.github.com/repos/juliengomes/Dijkstra-swift,2014-06-07T14:59:29Z,2,0,11
125576,dijkstra,https://github.com/dbrady/dijkstra,1,6,100,Ruby,https://api.github.com/repos/dbrady/dijkstra,2009-02-10T05:40:10Z,2,0,3
23679618,dijkstra,https://github.com/thinkphp/dijkstra,2,4,227,C++,https://api.github.com/repos/thinkphp/dijkstra,2014-09-04T21:15:42Z,2,0,35
5143636,dijkstra,https://github.com/maryrosecook/dijkstra,1,16,144,Clojure,https://api.github.com/repos/maryrosecook/dijkstra,2012-07-22T18:24:33Z,3,0,12
53753541,DijkstraPrimes,https://github.com/HeinrichHartmann/DijkstraPrimes,6,14,6,Lua,https://api.github.com/repos/HeinrichHartmann/DijkstraPrimes,2016-03-12T21:11:26Z,5,2,15
8390195,mj-dijkstra,https://github.com/dmitrikozlov/mj-dijkstra,6,9,352,Objective-C,https://api.github.com/repos/dmitrikozlov/mj-dijkstra,2013-02-24T12:05:00Z,3,1,9
1898349,Dijkstra,https://github.com/fedelebron/Dijkstra,2,6,122,C,https://api.github.com/repos/fedelebron/Dijkstra,2011-06-15T04:10:13Z,4,0,4
47256024,dijkstra,https://github.com/vterron/dijkstra,1,6,8,Python,https://api.github.com/repos/vterron/dijkstra,2015-12-02T11:12:43Z,1,0,6
579637,dijkstra,https://github.com/rpersaud/dijkstra,2,2,292,Java,https://api.github.com/repos/rpersaud/dijkstra,2010-03-25T20:36:23Z,1,0,14
10100128,Dijkstra,https://github.com/CharlesGarrocho/Dijkstra,2,1,186,FORTRAN,https://api.github.com/repos/CharlesGarrocho/Dijkstra,2013-05-16T11:52:59Z,0,0,40
31375461,dijkstra,https://github.com/diogomg/dijkstra,2,0,178,C,https://api.github.com/repos/diogomg/dijkstra,2015-02-26T16:08:13Z,2,0,18
2561172,scala-dijkstra,https://github.com/yin/scala-dijkstra,4,6,136,Scala,https://api.github.com/repos/yin/scala-dijkstra,2011-10-12T08:41:40Z,1,0,3
33822538,node-dijkstra,https://github.com/albertorestifo/node-dijkstra,4,10,75,JavaScript,https://api.github.com/repos/albertorestifo/node-dijkstra,2015-04-12T15:38:04Z,2,0,71
15166809,APGraph-Route,https://github.com/elpsk/APGraph-Route,5,17,2856,Objective-C,https://api.github.com/repos/elpsk/APGraph-Route,2013-12-13T15:21:44Z,3,0,6
21306844,dijkstra,https://github.com/joyrexus/dijkstra,1,2,156,Python,https://api.github.com/repos/joyrexus/dijkstra,2014-06-28T16:38:38Z,2,0,5
2774234,dijkstra,https://github.com/aaronmaturen/dijkstra,0,3,906,C++,https://api.github.com/repos/aaronmaturen/dijkstra,2011-11-14T18:36:19Z,1,0,10
10122344,Dijkstra,https://github.com/GabrielRocha/Dijkstra,1,2,1799,Python,https://api.github.com/repos/GabrielRocha/Dijkstra,2013-05-17T11:58:37Z,1,0,15
843183,dijkstra,https://github.com/ejackson/dijkstra,0,2,104,Clojure,https://api.github.com/repos/ejackson/dijkstra,2010-08-17T09:16:25Z,2,0,11
19843173,dijkstra,https://github.com/qubbit/dijkstra,0,3,256,JavaScript,https://api.github.com/repos/qubbit/dijkstra,2014-05-16T03:11:13Z,2,0,25
20754413,dijkstra,https://github.com/Professorq/dijkstra,0,3,160,Go,https://api.github.com/repos/Professorq/dijkstra,2014-06-12T04:20:01Z,1,0,8
3978725,dijkstra-js,https://github.com/bm1362/dijkstra-js,4,2,97,JavaScript,https://api.github.com/repos/bm1362/dijkstra-js,2012-04-10T03:58:43Z,2,0,3
9644212,JavaScript-Dijkstra-Class,https://github.com/chehabz/JavaScript-Dijkstra-Class,7,5,180,JavaScript,https://api.github.com/repos/chehabz/JavaScript-Dijkstra-Class,2013-04-24T09:52:00Z,2,0,5
2299715,PESGraph,https://github.com/snyderp/PESGraph,23,76,226,Objective-C,https://api.github.com/repos/snyderp/PESGraph,2011-08-31T05:18:12Z,8,0,21
10548078,cpp-expression-parser,https://github.com/bamos/cpp-expression-parser,13,21,175,C++,https://api.github.com/repos/bamos/cpp-expression-parser,2013-06-07T10:57:19Z,7,0,86
8555906,dijkstra,https://github.com/frankh/dijkstra,0,0,128,Erlang,https://api.github.com/repos/frankh/dijkstra,2013-03-04T13:18:22Z,1,0,4
10367043,dijkstra,https://github.com/DjGorillaz/dijkstra,0,0,136,C++,https://api.github.com/repos/DjGorillaz/dijkstra,2013-05-29T18:59:51Z,1,0,1
11323895,dijkstra,https://github.com/jcounts/dijkstra,0,0,108,Java,https://api.github.com/repos/jcounts/dijkstra,2013-07-10T20:45:02Z,0,0,4
13615903,dijkstra,https://github.com/aibou/dijkstra,0,0,104,Ruby,https://api.github.com/repos/aibou/dijkstra,2013-10-16T10:11:41Z,1,0,1
13871196,dijkstra,https://github.com/berkowitz/dijkstra,0,0,100,Ruby,https://api.github.com/repos/berkowitz/dijkstra,2013-10-25T20:19:49Z,1,0,2
13871237,dijkstra,https://github.com/fanta/dijkstra,0,0,136,Ruby,https://api.github.com/repos/fanta/dijkstra,2013-10-25T20:21:33Z,1,0,8
13871323,dijkstra,https://github.com/vicmaster/dijkstra,0,0,105,Ruby,https://api.github.com/repos/vicmaster/dijkstra,2013-10-25T20:25:09Z,1,0,9
13871439,dijkstra,https://github.com/supherman/dijkstra,0,0,136,Ruby,https://api.github.com/repos/supherman/dijkstra,2013-10-25T20:32:23Z,1,0,7
14477948,dijkstra,https://github.com/allisonkookoo/dijkstra,0,0,56,,https://api.github.com/repos/allisonkookoo/dijkstra,2013-11-17T23:55:14Z,1,0,-1
15161570,Dijkstra,https://github.com/vaneMB/Dijkstra,0,0,116,Java,https://api.github.com/repos/vaneMB/Dijkstra,2013-12-13T11:01:07Z,1,0,2
1408337,Dijkstra,https://github.com/mitch000001/Dijkstra,0,1,140,Java,https://api.github.com/repos/mitch000001/Dijkstra,2011-02-24T21:06:28Z,1,0,13
1816792,dijkstra,https://github.com/gseaton/dijkstra,1,1,156,Scala,https://api.github.com/repos/gseaton/dijkstra,2011-05-29T07:56:08Z,1,0,26
583327,Dijkstra,https://github.com/huangyingw/Dijkstra,0,1,1032,C++,https://api.github.com/repos/huangyingw/Dijkstra,2010-03-28T13:24:15Z,1,0,2
17483971,dijkstra,https://github.com/rutayanp/dijkstra,1,0,224,C++,https://api.github.com/repos/rutayanp/dijkstra,2014-03-06T16:17:39Z,1,0,10
30979776,Dijkstra,https://github.com/lucasfernand-es/Dijkstra,0,0,172,C,https://api.github.com/repos/lucasfernand-es/Dijkstra,2015-02-18T18:30:44Z,1,0,2
31026440,dijkstra,https://github.com/MontyGoose/dijkstra,0,0,108,JavaScript,https://api.github.com/repos/MontyGoose/dijkstra,2015-02-19T17:10:36Z,1,0,1
27155552,Dijkstra,https://github.com/dagreatemly/Dijkstra,1,0,132,Java,https://api.github.com/repos/dagreatemly/Dijkstra,2014-11-26T02:11:34Z,1,0,2
27005802,Dijkstra,https://github.com/fuzzymonkey30/Dijkstra,0,0,172,Python,https://api.github.com/repos/fuzzymonkey30/Dijkstra,2014-11-22T17:05:59Z,2,0,21
26729637,Dijkstra,https://github.com/VictorRogers/Dijkstra,1,0,815,C++,https://api.github.com/repos/VictorRogers/Dijkstra,2014-11-16T22:03:40Z,1,0,9
27340147,Dijkstra,https://github.com/Phyks/Dijkstra,0,1,7908,C,https://api.github.com/repos/Phyks/Dijkstra,2014-11-30T15:26:52Z,2,0,177
27212338,dijkstra,https://github.com/Neomania/dijkstra,1,0,132,Python,https://api.github.com/repos/Neomania/dijkstra,2014-11-27T06:34:13Z,1,0,4
28306979,Dijkstra,https://github.com/Roudoudou/Dijkstra,0,0,140,Java,https://api.github.com/repos/Roudoudou/Dijkstra,2014-12-21T17:29:29Z,1,0,5
27450123,dijkstra,https://github.com/deitrick/dijkstra,0,0,116,Ruby,https://api.github.com/repos/deitrick/dijkstra,2014-12-02T19:43:56Z,1,0,2
27817429,Dijkstra,https://github.com/acbp/Dijkstra,0,0,136,JavaScript,https://api.github.com/repos/acbp/Dijkstra,2014-12-10T11:47:58Z,0,0,2
27870031,Dijkstra,https://github.com/alu4543/Dijkstra,0,0,0,,https://api.github.com/repos/alu4543/Dijkstra,2014-12-11T12:14:10Z,0,0,-1
30501081,Dijkstra,https://github.com/mquintas/Dijkstra,0,0,140,Java,https://api.github.com/repos/mquintas/Dijkstra,2015-02-08T18:37:11Z,1,0,2
19947880,dijkstra,https://github.com/alejandrodevs/dijkstra,0,0,136,Ruby,https://api.github.com/repos/alejandrodevs/dijkstra,2014-05-19T15:47:53Z,1,0,6
22351153,Dijkstra,https://github.com/yadavvi91/Dijkstra,0,0,156,C,https://api.github.com/repos/yadavvi91/Dijkstra,2014-07-28T17:20:47Z,1,0,3
25537857,Dijkstra,https://github.com/CATCorporation/Dijkstra,0,1,2600,Java,https://api.github.com/repos/CATCorporation/Dijkstra,2014-10-21T18:11:06Z,3,0,18
25646528,dijkstra,https://github.com/phonecyber/dijkstra,0,0,148,Objective-C,https://api.github.com/repos/phonecyber/dijkstra,2014-10-23T16:24:17Z,1,0,6
24192899,dijkstra,https://github.com/danielmoorthy/dijkstra,0,0,136,Perl,https://api.github.com/repos/danielmoorthy/dijkstra,2014-09-18T15:10:23Z,1,0,3
21879405,dijkstra,https://github.com/mabako/dijkstra,0,0,132,C++,https://api.github.com/repos/mabako/dijkstra,2014-07-15T23:25:11Z,1,0,2
18423318,dijkstra,https://github.com/nonconvergent/dijkstra,0,0,0,,https://api.github.com/repos/nonconvergent/dijkstra,2014-04-04T01:02:01Z,1,0,-1
17993977,Dijkstra,https://github.com/nickhil-revu/Dijkstra,0,0,548,Java,https://api.github.com/repos/nickhil-revu/Dijkstra,2014-03-21T20:50:49Z,1,0,1
19039839,Dijkstra,https://github.com/Striv/Dijkstra,1,0,108,Java,https://api.github.com/repos/Striv/Dijkstra,2014-04-22T17:56:03Z,1,0,1
19002932,dijkstra,https://github.com/dannysepler/dijkstra,0,0,188,C++,https://api.github.com/repos/dannysepler/dijkstra,2014-04-21T18:50:10Z,1,0,8
20542830,Dijkstra,https://github.com/PincessRR/Dijkstra,0,0,124,,https://api.github.com/repos/PincessRR/Dijkstra,2014-06-05T21:49:54Z,1,0,2
20197678,dijkstra,https://github.com/grindrake/dijkstra,0,0,196,CSS,https://api.github.com/repos/grindrake/dijkstra,2014-05-26T20:31:38Z,1,0,1
32489134,Dijkstra,https://github.com/romerodny/Dijkstra,0,0,836,Java,https://api.github.com/repos/romerodny/Dijkstra,2015-03-18T23:07:32Z,1,0,1
32398630,dijkstra,https://github.com/Trindad/dijkstra,0,0,104,C++,https://api.github.com/repos/Trindad/dijkstra,2015-03-17T14:34:20Z,1,0,1
32342808,Dijkstra,https://github.com/TimGraf/Dijkstra,0,0,288,JavaScript,https://api.github.com/repos/TimGraf/Dijkstra,2015-03-16T17:53:59Z,1,0,9
38229466,Dijkstra,https://github.com/batwood001/Dijkstra,0,0,136,JavaScript,https://api.github.com/repos/batwood001/Dijkstra,2015-06-29T05:32:08Z,0,0,5
37881014,dijkstra,https://github.com/trbedwards/dijkstra,0,0,136,Python,https://api.github.com/repos/trbedwards/dijkstra,2015-06-22T21:15:31Z,1,0,2
39338866,dijkstra,https://github.com/lockhawksp/dijkstra,0,0,944,Python,https://api.github.com/repos/lockhawksp/dijkstra,2015-07-19T15:38:47Z,1,0,2
38957453,Dijkstra,https://github.com/WildZero/Dijkstra,0,1,136,PHP,https://api.github.com/repos/WildZero/Dijkstra,2015-07-12T10:04:00Z,1,0,5
33486136,dijkstra,https://github.com/anmolgoyal74/dijkstra,0,0,100,,https://api.github.com/repos/anmolgoyal74/dijkstra,2015-04-06T14:28:50Z,1,0,1
38609954,Dijkstra,https://github.com/dariadr/Dijkstra,0,0,508,Pascal,https://api.github.com/repos/dariadr/Dijkstra,2015-07-06T09:36:25Z,1,0,3
41010064,Dijkstra,https://github.com/Blackbms/Dijkstra,0,0,176,Scala,https://api.github.com/repos/Blackbms/Dijkstra,2015-08-19T03:00:35Z,1,0,10
35074463,dijkstra,https://github.com/noyesa/dijkstra,0,0,0,,https://api.github.com/repos/noyesa/dijkstra,2015-05-05T02:58:53Z,1,0,-1
36256996,Dijkstra,https://github.com/fminkin/Dijkstra,0,0,132,C++,https://api.github.com/repos/fminkin/Dijkstra,2015-05-25T22:05:38Z,1,0,2
35851000,Dijkstra,https://github.com/Eth4nZ/Dijkstra,0,0,156,C++,https://api.github.com/repos/Eth4nZ/Dijkstra,2015-05-19T01:04:12Z,1,0,4
33750479,Dijkstra,https://github.com/Feinte75/Dijkstra,0,0,1780,Java,https://api.github.com/repos/Feinte75/Dijkstra,2015-04-10T21:00:50Z,1,0,12
33892845,dijkstra,https://github.com/mapily/dijkstra,0,0,0,,https://api.github.com/repos/mapily/dijkstra,2015-04-13T20:41:40Z,1,0,-1
34559505,dijkstra,https://github.com/firnsan/dijkstra,0,0,100,C++,https://api.github.com/repos/firnsan/dijkstra,2015-04-25T07:23:28Z,1,0,1
35968533,dijkstra,https://github.com/Bananalove/dijkstra,0,0,2112,C++,https://api.github.com/repos/Bananalove/dijkstra,2015-05-20T19:09:09Z,1,0,3
36169971,Dijkstra,https://github.com/zerts/Dijkstra,0,0,132,C++,https://api.github.com/repos/zerts/Dijkstra,2015-05-24T11:50:09Z,1,0,12
35614742,dijkstra,https://github.com/lcguerrerocovo/dijkstra,0,0,136,Clojure,https://api.github.com/repos/lcguerrerocovo/dijkstra,2015-05-14T14:09:36Z,1,0,2
42336765,Dijkstra,https://github.com/gpalla/Dijkstra,0,0,108,,https://api.github.com/repos/gpalla/Dijkstra,2015-09-11T23:26:03Z,1,0,1
43714294,dijkstra,https://github.com/mbreughe/dijkstra,0,0,128,C++,https://api.github.com/repos/mbreughe/dijkstra,2015-10-05T21:15:54Z,1,0,12
42781547,dijkstra,https://github.com/Maykoll/dijkstra,0,0,196,C,https://api.github.com/repos/Maykoll/dijkstra,2015-09-19T16:58:52Z,1,0,31
43601624,Dijkstra,https://github.com/yuzsh/Dijkstra,0,0,108,Python,https://api.github.com/repos/yuzsh/Dijkstra,2015-10-03T14:25:21Z,1,0,1
43535442,Dijkstra,https://github.com/cshui484/Dijkstra,0,0,948,C++,https://api.github.com/repos/cshui484/Dijkstra,2015-10-02T04:13:04Z,1,0,4
41783498,dijkstra,https://github.com/vaishaligeu/dijkstra,0,0,124,,https://api.github.com/repos/vaishaligeu/dijkstra,2015-09-02T06:13:33Z,1,0,1
42024268,dijkstra,https://github.com/emersonchiesse/dijkstra,0,0,176,C++,https://api.github.com/repos/emersonchiesse/dijkstra,2015-09-07T00:58:12Z,1,0,10
42094072,Dijkstra,https://github.com/BoltMaud/Dijkstra,0,0,340,C,https://api.github.com/repos/BoltMaud/Dijkstra,2015-09-08T06:27:38Z,1,0,4
50857256,dijkstra,https://github.com/jmlevesque333/dijkstra,0,0,7,Groff,https://api.github.com/repos/jmlevesque333/dijkstra,2016-02-01T17:28:50Z,1,0,7
51198268,dijkstra,https://github.com/swathinimmala/dijkstra,0,0,8,Ruby,https://api.github.com/repos/swathinimmala/dijkstra,2016-02-06T10:25:53Z,1,0,7
50274736,Dijkstra,https://github.com/plash3/Dijkstra,0,0,7,C++,https://api.github.com/repos/plash3/Dijkstra,2016-01-24T06:06:35Z,1,0,1
49065361,dijkstra,https://github.com/christopherichet/dijkstra,0,0,7,,https://api.github.com/repos/christopherichet/dijkstra,2016-01-05T12:46:56Z,1,0,1
48057570,dijkstra,https://github.com/zaz/dijkstra,0,0,2,Python,https://api.github.com/repos/zaz/dijkstra,2015-12-15T17:09:49Z,1,0,3
47491690,Dijkstra,https://github.com/Anatoliuz/Dijkstra,0,0,7,C++,https://api.github.com/repos/Anatoliuz/Dijkstra,2015-12-06T10:09:09Z,1,0,6
51494557,dijkstra,https://github.com/jbrewton/dijkstra,0,0,11,Ruby,https://api.github.com/repos/jbrewton/dijkstra,2016-02-11T04:45:51Z,1,0,6
39465232,dijkstra,https://github.com/ryukinix/dijkstra,0,0,60,C,https://api.github.com/repos/ryukinix/dijkstra,2015-07-21T19:23:02Z,1,0,9
47130083,Dijkstra,https://github.com/DvD93/Dijkstra,0,0,11,Java,https://api.github.com/repos/DvD93/Dijkstra,2015-11-30T16:05:31Z,1,0,2
46947642,dijkstra,https://github.com/desislavaa/dijkstra,0,0,1,Java,https://api.github.com/repos/desislavaa/dijkstra,2015-11-26T21:33:27Z,1,0,2
24694281,Dijkstra,https://github.com/sniejadlik/Dijkstra,0,0,296,,https://api.github.com/repos/sniejadlik/Dijkstra,2014-10-01T20:31:03Z,1,0,11
47162824,dijkstra,https://github.com/cdt2132/dijkstra,0,0,10,Java,https://api.github.com/repos/cdt2132/dijkstra,2015-12-01T03:23:59Z,1,0,7
25930375,Dijkstra,https://github.com/absosm/Dijkstra,0,0,148,C,https://api.github.com/repos/absosm/Dijkstra,2014-10-29T16:32:17Z,1,0,4
46346317,dijkstra,https://github.com/kiblerdude/dijkstra,0,0,25,Java,https://api.github.com/repos/kiblerdude/dijkstra,2015-11-17T12:40:56Z,1,0,11
47629710,dijkstra,https://github.com/mattfive/dijkstra,0,0,53,Java,https://api.github.com/repos/mattfive/dijkstra,2015-12-08T15:10:15Z,1,0,14
52324057,dijkstra,https://github.com/smallsmallwolf/dijkstra,1,1,3,Go,https://api.github.com/repos/smallsmallwolf/dijkstra,2016-02-23T02:41:29Z,1,0,4
52921997,Dijkstra,https://github.com/excv8426/Dijkstra,0,0,3,Java,https://api.github.com/repos/excv8426/Dijkstra,2016-03-02T00:56:55Z,1,0,3
52314359,dijkstra,https://github.com/alexeychurchill/dijkstra,0,0,6,Java,https://api.github.com/repos/alexeychurchill/dijkstra,2016-02-22T23:35:47Z,1,0,3
53129127,dijkstra,https://github.com/komendacki/dijkstra,0,0,15,Java,https://api.github.com/repos/komendacki/dijkstra,2016-03-04T10:54:40Z,1,0,5
54346666,dijkstra,https://github.com/mkolenda/dijkstra,0,0,12,Ruby,https://api.github.com/repos/mkolenda/dijkstra,2016-03-20T23:46:11Z,1,0,7
55316301,Dijkstra,https://github.com/pollend/Dijkstra,0,0,6,Java,https://api.github.com/repos/pollend/Dijkstra,2016-04-02T21:09:55Z,1,0,3
55405292,Dijkstra,https://github.com/harsha00790/Dijkstra,0,0,4,C++,https://api.github.com/repos/harsha00790/Dijkstra,2016-04-04T11:17:41Z,1,0,2
46353913,Dijkstra,https://github.com/pjime032/Dijkstra,0,0,34,Java,https://api.github.com/repos/pjime032/Dijkstra,2015-11-17T14:55:17Z,1,0,8
33558671,Dijkstra,https://github.com/BabakAp/Dijkstra,0,0,30,Java,https://api.github.com/repos/BabakAp/Dijkstra,2015-04-07T17:45:00Z,1,0,6
57034443,dijkstra,https://github.com/gauravseth/dijkstra,0,0,19,Ruby,https://api.github.com/repos/gauravseth/dijkstra,2016-04-25T10:54:14Z,1,0,3
55726025,dijkstra,https://github.com/cliffplaysdrums/dijkstra,0,0,2678,Java,https://api.github.com/repos/cliffplaysdrums/dijkstra,2016-04-07T20:31:29Z,1,0,3
55632151,dijkstra,https://github.com/kgoins/dijkstra,0,1,44,Java,https://api.github.com/repos/kgoins/dijkstra,2016-04-06T18:46:58Z,1,0,28
56439236,Dijkstra,https://github.com/fengwu2004/Dijkstra,0,0,7,C++,https://api.github.com/repos/fengwu2004/Dijkstra,2016-04-17T13:58:28Z,1,0,4
57002479,Dijkstra,https://github.com/JLepere2/Dijkstra,0,0,1,Java,https://api.github.com/repos/JLepere2/Dijkstra,2016-04-25T01:13:01Z,1,0,2
15065643,Dijkstra,https://github.com/jakebailey/Dijkstra,0,0,2124,,https://api.github.com/repos/jakebailey/Dijkstra,2013-12-10T03:06:26Z,1,0,7
22731127,dijkstra,https://github.com/bzxbot/dijkstra,0,0,120,C#,https://api.github.com/repos/bzxbot/dijkstra,2014-08-07T18:01:08Z,1,0,2
24024320,Dijkstra,https://github.com/irinafedorova/Dijkstra,1,0,1820,C#,https://api.github.com/repos/irinafedorova/Dijkstra,2014-09-14T14:42:19Z,1,0,6
23971887,Dijkstra,https://github.com/yongyuwang/Dijkstra,0,0,152,Java,https://api.github.com/repos/yongyuwang/Dijkstra,2014-09-12T18:27:19Z,1,0,7
24612334,DIJKSTRA,https://github.com/Creepers-icpc/DIJKSTRA,0,0,144,,https://api.github.com/repos/Creepers-icpc/DIJKSTRA,2014-09-29T20:45:37Z,1,0,3
24741456,Dijkstra,https://github.com/alexiscabana/Dijkstra,0,0,116,,https://api.github.com/repos/alexiscabana/Dijkstra,2014-10-03T00:05:49Z,1,0,2
26627855,Dijkstra,https://github.com/PuttyTree/Dijkstra,0,0,120,,https://api.github.com/repos/PuttyTree/Dijkstra,2014-11-14T07:42:51Z,1,0,1
27043050,Dijkstra,https://github.com/ThanksForAllTheFish/Dijkstra,0,0,168,Java,https://api.github.com/repos/ThanksForAllTheFish/Dijkstra,2014-11-23T18:44:46Z,1,0,1
25319203,dijkstra,https://github.com/fant12/dijkstra,0,0,100,Java,https://api.github.com/repos/fant12/dijkstra,2014-10-16T19:59:01Z,1,0,2
20310779,Dijkstra,https://github.com/JSaenz4/Dijkstra,0,0,148,Java,https://api.github.com/repos/JSaenz4/Dijkstra,2014-05-29T22:51:28Z,1,0,3
20503502,dijkstra,https://github.com/canderson180/dijkstra,0,0,456,C++,https://api.github.com/repos/canderson180/dijkstra,2014-06-04T22:35:47Z,1,0,2
19365494,dijkstra,https://github.com/carloshpp/dijkstra,0,0,156,Java,https://api.github.com/repos/carloshpp/dijkstra,2014-05-02T04:01:00Z,1,0,3
22713721,dijkstra,https://github.com/ttnkinyili/dijkstra,0,0,0,,https://api.github.com/repos/ttnkinyili/dijkstra,2014-08-07T08:15:24Z,1,0,1
23178413,dijkstra,https://github.com/StoneCypher/dijkstra,0,1,152,CSS,https://api.github.com/repos/StoneCypher/dijkstra,2014-08-21T07:38:30Z,1,0,5
20602344,Dijkstra,https://github.com/lucasGabrielDeAA/Dijkstra,0,1,188,Lua,https://api.github.com/repos/lucasGabrielDeAA/Dijkstra,2014-06-07T20:44:17Z,1,0,2
19255830,Dijkstra,https://github.com/NikolaiT3/Dijkstra,0,0,180,,https://api.github.com/repos/NikolaiT3/Dijkstra,2014-04-28T22:16:32Z,1,0,2
1345686,dijkstra,https://github.com/incertus/dijkstra,0,1,48,,https://api.github.com/repos/incertus/dijkstra,2011-02-09T09:23:30Z,1,0,-1
1526865,dijkstra,https://github.com/milare/dijkstra,0,1,100,Ruby,https://api.github.com/repos/milare/dijkstra,2011-03-25T19:08:02Z,1,0,2
1689274,dijkstra,https://github.com/adrienschuler/dijkstra,0,1,208,JavaScript,https://api.github.com/repos/adrienschuler/dijkstra,2011-05-01T22:18:56Z,1,0,3
697308,dijkstra,https://github.com/evansenter/dijkstra,0,1,96,Ruby,https://api.github.com/repos/evansenter/dijkstra,2010-06-01T14:33:18Z,1,0,2
617878,dijkstra,https://github.com/jeapostrophe/dijkstra,0,1,100,Scheme,https://api.github.com/repos/jeapostrophe/dijkstra,2010-04-19T14:48:53Z,1,0,4
2618156,Dijkstra,https://github.com/aakashshah/Dijkstra,0,1,788,C,https://api.github.com/repos/aakashshah/Dijkstra,2011-10-21T04:41:05Z,1,0,1
28507021,Dijkstra,https://github.com/JHand93/Dijkstra,0,0,104,C++,https://api.github.com/repos/JHand93/Dijkstra,2014-12-26T09:53:47Z,1,0,2
28707036,Dijkstra,https://github.com/pablogomez93/Dijkstra,0,0,352,C++,https://api.github.com/repos/pablogomez93/Dijkstra,2015-01-02T07:45:04Z,1,0,34
14111810,Dijkstra,https://github.com/zfazek/Dijkstra,0,0,112,C++,https://api.github.com/repos/zfazek/Dijkstra,2013-11-04T14:24:33Z,1,0,3
15291797,dijkstra,https://github.com/dliul/dijkstra,0,0,104,C++,https://api.github.com/repos/dliul/dijkstra,2013-12-18T19:08:45Z,1,0,3
15413304,dijkstra,https://github.com/sharmasamiksha/dijkstra,0,0,156,Java,https://api.github.com/repos/sharmasamiksha/dijkstra,2013-12-24T06:50:08Z,1,0,4
13871247,Dijkstra,https://github.com/david-vega/Dijkstra,0,0,136,,https://api.github.com/repos/david-vega/Dijkstra,2013-10-25T20:21:57Z,1,0,7
13352362,dijkstra,https://github.com/Unlocker/dijkstra,0,0,108,Python,https://api.github.com/repos/Unlocker/dijkstra,2013-10-05T20:55:58Z,1,0,3
18250409,dijkstra,https://github.com/zcee12/dijkstra,0,0,136,,https://api.github.com/repos/zcee12/dijkstra,2014-03-29T20:43:57Z,1,0,6
18219390,Dijkstra,https://github.com/Manipal-Reddy/Dijkstra,0,0,144,Java,https://api.github.com/repos/Manipal-Reddy/Dijkstra,2014-03-28T16:49:28Z,1,0,2
14647623,Dijkstra,https://github.com/philippenicolas/Dijkstra,0,0,108,Java,https://api.github.com/repos/philippenicolas/Dijkstra,2013-11-23T18:07:46Z,1,0,1
17789975,Dijkstra,https://github.com/bharathtintitn/Dijkstra,0,0,116,,https://api.github.com/repos/bharathtintitn/Dijkstra,2014-03-16T01:55:46Z,1,0,2
9442303,dijkstra,https://github.com/eoincampbell/dijkstra,0,0,136,C#,https://api.github.com/repos/eoincampbell/dijkstra,2013-04-15T06:38:30Z,1,0,2
10470908,Dijkstra,https://github.com/ilya-direct/Dijkstra,0,0,104,C++,https://api.github.com/repos/ilya-direct/Dijkstra,2013-06-04T04:33:24Z,1,0,1
8706884,dijkstra,https://github.com/saturnflyer/dijkstra,0,0,108,Ruby,https://api.github.com/repos/saturnflyer/dijkstra,2013-03-11T15:46:32Z,1,0,1
8472121,Dijkstra,https://github.com/Logangster/Dijkstra,0,0,100,Python,https://api.github.com/repos/Logangster/Dijkstra,2013-02-28T04:51:37Z,1,0,1
10772480,Dijkstra,https://github.com/BastianW/Dijkstra,0,0,7916,Java,https://api.github.com/repos/BastianW/Dijkstra,2013-06-18T20:09:20Z,1,0,41
11905823,Dijkstra,https://github.com/vaishnav/Dijkstra,0,0,112,Java,https://api.github.com/repos/vaishnav/Dijkstra,2013-08-05T18:41:29Z,1,0,6
11943124,dijkstra,https://github.com/russelyang/dijkstra,0,0,112,Java,https://api.github.com/repos/russelyang/dijkstra,2013-08-07T06:32:33Z,1,0,2
13214024,dijkstra,https://github.com/tsemczyszyn/dijkstra,0,0,144,Python,https://api.github.com/repos/tsemczyszyn/dijkstra,2013-09-30T11:57:48Z,1,0,10
12444491,Dijkstra,https://github.com/JinruiDuan/Dijkstra,0,0,108,Python,https://api.github.com/repos/JinruiDuan/Dijkstra,2013-08-28T21:00:47Z,1,0,5
12485935,dijkstra,https://github.com/phistpop2/dijkstra,0,0,56,,https://api.github.com/repos/phistpop2/dijkstra,2013-08-30T12:32:44Z,1,0,-1
3471770,Dijkstra,https://github.com/alainjm/Dijkstra,0,1,88,,https://api.github.com/repos/alainjm/Dijkstra,2012-02-17T16:49:16Z,1,0,2
19054280,dijkstra,https://github.com/redragonx/dijkstra,0,0,296,Java,https://api.github.com/repos/redragonx/dijkstra,2014-04-23T02:33:53Z,1,0,2
36279110,dijkstra,https://github.com/dadaxr/dijkstra,0,0,104,PHP,https://api.github.com/repos/dadaxr/dijkstra,2015-05-26T07:23:05Z,1,0,3
37748488,dijkstra,https://github.com/handsofblue67/dijkstra,0,0,9836,C++,https://api.github.com/repos/handsofblue67/dijkstra,2015-06-19T22:14:46Z,1,0,13
38892379,Dijkstra,https://github.com/jcbaumann/Dijkstra,1,0,136,C++,https://api.github.com/repos/jcbaumann/Dijkstra,2015-07-10T17:09:46Z,1,0,8
38868547,Dijkstra,https://github.com/birdyhuang/Dijkstra,0,0,152,Java,https://api.github.com/repos/birdyhuang/Dijkstra,2015-07-10T07:57:52Z,1,0,14
40168518,Dijkstra,https://github.com/saberprivateer/Dijkstra,0,0,184,Java,https://api.github.com/repos/saberprivateer/Dijkstra,2015-08-04T06:57:32Z,1,0,4
32746708,Dijkstra,https://github.com/MozilaIP/Dijkstra,0,0,140,C++,https://api.github.com/repos/MozilaIP/Dijkstra,2015-03-23T17:10:05Z,1,0,4
35681622,Dijkstra,https://github.com/jerthiry/Dijkstra,0,1,188,Matlab,https://api.github.com/repos/jerthiry/Dijkstra,2015-05-15T15:29:38Z,1,0,2
36007036,dijkstra,https://github.com/hkirat/dijkstra,0,1,2292,JavaScript,https://api.github.com/repos/hkirat/dijkstra,2015-05-21T10:40:12Z,1,0,5
34346993,Dijkstra,https://github.com/Sirfame/Dijkstra,0,0,128,Java,https://api.github.com/repos/Sirfame/Dijkstra,2015-04-21T19:11:53Z,1,0,3
33394825,dijkstra,https://github.com/mephisto9000/dijkstra,0,0,140,Java,https://api.github.com/repos/mephisto9000/dijkstra,2015-04-04T04:59:35Z,1,0,4
44139103,dijkstra,https://github.com/ViniGodoy/dijkstra,0,0,272,Java,https://api.github.com/repos/ViniGodoy/dijkstra,2015-10-12T23:10:10Z,2,0,2
43640264,dijkstra,https://github.com/Jinxit/dijkstra,0,0,136,C++,https://api.github.com/repos/Jinxit/dijkstra,2015-10-04T15:04:59Z,1,0,9
42164112,Dijkstra,https://github.com/Kaythari/Dijkstra,0,0,124,Java,https://api.github.com/repos/Kaythari/Dijkstra,2015-09-09T07:48:17Z,1,0,5
42279504,Dijkstra,https://github.com/Dobob/Dijkstra,0,0,264,C++,https://api.github.com/repos/Dobob/Dijkstra,2015-09-11T01:12:09Z,1,0,9
43020611,Dijkstra,https://github.com/DeepakLabh/Dijkstra,0,0,124,,https://api.github.com/repos/DeepakLabh/Dijkstra,2015-09-23T18:56:33Z,1,0,2
44875373,dijkstra,https://github.com/tskorupa/dijkstra,0,0,112,Ruby,https://api.github.com/repos/tskorupa/dijkstra,2015-10-24T16:51:37Z,0,0,1
42501278,dijkstra,https://github.com/perltzhu/dijkstra,0,0,140,C++,https://api.github.com/repos/perltzhu/dijkstra,2015-09-15T07:06:49Z,1,0,2
51638675,dijkstra,https://github.com/KinsomyJS/dijkstra,0,0,17202,Java,https://api.github.com/repos/KinsomyJS/dijkstra,2016-02-13T08:46:17Z,1,0,5
45296289,dijkstra,https://github.com/KtorZPersonal/dijkstra,0,0,576,Go,https://api.github.com/repos/KtorZPersonal/dijkstra,2015-10-31T09:37:55Z,1,0,4
50605351,Dijkstra,https://github.com/EdanSneh/Dijkstra,0,0,19,Java,https://api.github.com/repos/EdanSneh/Dijkstra,2016-01-28T18:53:45Z,1,0,9
51893847,dijkstra,https://github.com/nexdijkstra/dijkstra,0,0,8,C,https://api.github.com/repos/nexdijkstra/dijkstra,2016-02-17T04:11:37Z,1,0,1
46279584,dijkstra,https://github.com/Stormcun/dijkstra,0,0,0,C++,https://api.github.com/repos/Stormcun/dijkstra,2015-11-16T14:26:33Z,1,0,5
39380455,Dijkstra,https://github.com/2cats/Dijkstra,0,1,432,C,https://api.github.com/repos/2cats/Dijkstra,2015-07-20T11:39:44Z,1,0,6
47530154,Dijkstra,https://github.com/naveenvpai/Dijkstra,0,0,7,Java,https://api.github.com/repos/naveenvpai/Dijkstra,2015-12-07T04:53:41Z,1,0,5
44699180,dijkstra,https://github.com/vitorcarvalhoml/dijkstra,0,1,16943,Python,https://api.github.com/repos/vitorcarvalhoml/dijkstra,2015-10-21T19:27:08Z,1,0,58
49063470,Dijkstra,https://github.com/zhangkes/Dijkstra,0,0,7,C++,https://api.github.com/repos/zhangkes/Dijkstra,2016-01-05T12:06:58Z,1,0,2
53039890,dijkstra,https://github.com/Arebjel/dijkstra,0,0,60,C,https://api.github.com/repos/Arebjel/dijkstra,2016-03-03T09:57:03Z,1,0,2
50207797,Dijkstra,https://github.com/Geremia/Dijkstra,0,0,5,C,https://api.github.com/repos/Geremia/Dijkstra,2016-01-22T21:11:33Z,1,0,1
50895945,dijkstra,https://github.com/ranju30/dijkstra,0,0,1,JavaScript,https://api.github.com/repos/ranju30/dijkstra,2016-02-02T05:12:30Z,1,0,1
17875513,Dijkstra,https://github.com/pom75/Dijkstra,0,1,6872,PostScript,https://api.github.com/repos/pom75/Dijkstra,2014-03-18T17:41:26Z,1,0,2
12001072,Dijkstra,https://github.com/AlexeyAB/Dijkstra,1,1,112,C++,https://api.github.com/repos/AlexeyAB/Dijkstra,2013-08-09T13:06:24Z,1,0,5
45399348,Dijkstra,https://github.com/Jinzenghui/Dijkstra,0,0,128,Java,https://api.github.com/repos/Jinzenghui/Dijkstra,2015-11-02T14:27:19Z,1,0,2
45565367,dijkstra,https://github.com/thil1212/dijkstra,0,0,140,Ruby,https://api.github.com/repos/thil1212/dijkstra,2015-11-04T20:26:40Z,1,0,3
48056675,Dijkstra,https://github.com/anais-lee/Dijkstra,0,0,14,Java,https://api.github.com/repos/anais-lee/Dijkstra,2015-12-15T16:52:12Z,1,0,2
47654739,dijkstra,https://github.com/yshenUOE/dijkstra,0,0,0,,https://api.github.com/repos/yshenUOE/dijkstra,2015-12-08T22:57:06Z,1,0,-1
47735214,Dijkstra,https://github.com/KeepTheBeats/Dijkstra,0,0,7,,https://api.github.com/repos/KeepTheBeats/Dijkstra,2015-12-10T03:24:28Z,1,0,1
46795729,Dijkstra,https://github.com/sergey1993/Dijkstra,0,0,6,C++,https://api.github.com/repos/sergey1993/Dijkstra,2015-11-24T14:11:08Z,1,0,3
31525625,Dijkstra,https://github.com/AnnaPak/Dijkstra,1,1,190,Java,https://api.github.com/repos/AnnaPak/Dijkstra,2015-03-02T05:59:47Z,1,0,18
49362368,dijkstra,https://github.com/Hareramrai/dijkstra,0,0,4,Ruby,https://api.github.com/repos/Hareramrai/dijkstra,2016-01-10T10:27:34Z,1,0,3
48888207,dijkstra,https://github.com/mlibre/dijkstra,0,0,33,C++,https://api.github.com/repos/mlibre/dijkstra,2016-01-01T20:10:31Z,1,0,8
54619174,Dijkstra,https://github.com/sagarbhathwar/Dijkstra,0,0,4,Java,https://api.github.com/repos/sagarbhathwar/Dijkstra,2016-03-24T06:15:24Z,1,0,2
54636661,dijkstra,https://github.com/sndean/dijkstra,0,0,1,C++,https://api.github.com/repos/sndean/dijkstra,2016-03-24T11:23:06Z,1,0,4
55377923,Dijkstra,https://github.com/air2637/Dijkstra,0,0,9,Java,https://api.github.com/repos/air2637/Dijkstra,2016-04-04T01:21:00Z,1,0,1
55940923,Dijkstra,https://github.com/Sushiko/Dijkstra,0,0,4,Java,https://api.github.com/repos/Sushiko/Dijkstra,2016-04-11T04:10:57Z,1,0,2
34822231,Dijkstra,https://github.com/h3nnn4n/Dijkstra,0,0,91,C,https://api.github.com/repos/h3nnn4n/Dijkstra,2015-04-29T22:47:48Z,1,0,8
14024288,dijkstra,https://github.com/davidcervini/dijkstra,0,1,155058,C++,https://api.github.com/repos/davidcervini/dijkstra,2013-10-31T17:56:48Z,1,0,164
10722454,dijkstra,https://github.com/ysaibhargav/dijkstra,0,0,108,C++,https://api.github.com/repos/ysaibhargav/dijkstra,2013-06-16T16:24:13Z,1,0,4
54251448,Dijkstra,https://github.com/lc641777437/Dijkstra,0,0,4,C++,https://api.github.com/repos/lc641777437/Dijkstra,2016-03-19T06:36:49Z,1,0,3
56006569,Dijkstra,https://github.com/HooHaaInc/Dijkstra,0,0,8,,https://api.github.com/repos/HooHaaInc/Dijkstra,2016-04-11T20:47:50Z,7,0,9
57382031,Dijkstra,https://github.com/dwoloszin/Dijkstra,0,0,15,Java,https://api.github.com/repos/dwoloszin/Dijkstra,2016-04-29T12:21:14Z,1,0,2
8023499,Dijkstra,https://github.com/clouddra/Dijkstra,0,0,144,Java,https://api.github.com/repos/clouddra/Dijkstra,2013-02-05T06:00:09Z,1,0,1
11118173,dijkstra,https://github.com/EsKey/dijkstra,0,0,2540,Java,https://api.github.com/repos/EsKey/dijkstra,2013-07-02T06:30:17Z,1,0,24
10740298,dijkstra,https://github.com/mattomatic/dijkstra,0,0,128,Go,https://api.github.com/repos/mattomatic/dijkstra,2013-06-17T15:18:26Z,1,0,11
9272137,Dijkstra,https://github.com/gin0606/Dijkstra,0,0,1260,Objective-C,https://api.github.com/repos/gin0606/Dijkstra,2013-04-07T05:58:16Z,1,0,1
9261539,Dijkstra,https://github.com/ajwheeler/Dijkstra,0,0,112,,https://api.github.com/repos/ajwheeler/Dijkstra,2013-04-06T14:57:13Z,1,0,4
7637578,dijkstra,https://github.com/cristianandres/dijkstra,0,0,140,Java,https://api.github.com/repos/cristianandres/dijkstra,2013-01-16T02:20:59Z,1,0,5
12479079,dijkstra,https://github.com/gthorsness/dijkstra,1,0,80,C++,https://api.github.com/repos/gthorsness/dijkstra,2013-08-30T05:49:49Z,1,0,1
13253957,dijkstra,https://github.com/incrop/dijkstra,0,0,108,Haskell,https://api.github.com/repos/incrop/dijkstra,2013-10-01T19:51:05Z,1,0,2
12942399,dijkstra,https://github.com/dinomiike/dijkstra,0,0,104,JavaScript,https://api.github.com/repos/dinomiike/dijkstra,2013-09-19T06:42:53Z,1,0,1
13871285,dijkstra,https://github.com/stevenbarragan/dijkstra,0,0,112,Ruby,https://api.github.com/repos/stevenbarragan/dijkstra,2013-10-25T20:23:31Z,1,0,4
13871205,Dijkstra,https://github.com/netmask/Dijkstra,0,1,140,Ruby,https://api.github.com/repos/netmask/Dijkstra,2013-10-25T20:20:14Z,1,0,7
14023979,dijkstra,https://github.com/joeforshaw/dijkstra,0,0,112,Ruby,https://api.github.com/repos/joeforshaw/dijkstra,2013-10-31T17:43:44Z,1,0,6
14603612,Dijkstra,https://github.com/atoudic/Dijkstra,0,0,128,Java,https://api.github.com/repos/atoudic/Dijkstra,2013-11-21T23:45:20Z,1,0,7
12018793,dijkstra,https://github.com/joroKr21/dijkstra,0,0,284,JavaScript,https://api.github.com/repos/joroKr21/dijkstra,2013-08-10T09:48:35Z,1,0,1
14083119,dijkstra,https://github.com/jcpenuela/dijkstra,0,0,336,C++,https://api.github.com/repos/jcpenuela/dijkstra,2013-11-03T09:48:06Z,1,0,1
12805609,Dijkstra,https://github.com/binensky/Dijkstra,0,0,1660,C,https://api.github.com/repos/binensky/Dijkstra,2013-09-13T09:03:13Z,5,0,35
4535262,Dijkstra,https://github.com/dymv/Dijkstra,1,1,99,C,https://api.github.com/repos/dymv/Dijkstra,2012-06-03T06:19:31Z,1,0,6
4413267,Dijkstra,https://github.com/shoktong29/Dijkstra,0,1,2100,C++,https://api.github.com/repos/shoktong29/Dijkstra,2012-05-22T22:08:03Z,1,0,2
4380583,dijkstra,https://github.com/eikkaj/dijkstra,1,1,94,Java,https://api.github.com/repos/eikkaj/dijkstra,2012-05-19T19:54:58Z,1,0,1
3224794,dijkstra,https://github.com/lb1a/dijkstra,0,1,120,Java,https://api.github.com/repos/lb1a/dijkstra,2012-01-20T08:21:13Z,1,0,12
14124160,dijkstra,https://github.com/efigarolam/dijkstra,0,0,120,Ruby,https://api.github.com/repos/efigarolam/dijkstra,2013-11-04T21:31:49Z,0,0,12
17656868,Dijkstra,https://github.com/sylar7/Dijkstra,0,0,252,Java,https://api.github.com/repos/sylar7/Dijkstra,2014-03-12T05:52:43Z,1,0,5
17101539,dijkstra,https://github.com/poseidon4o/dijkstra,0,0,136,Objective-C,https://api.github.com/repos/poseidon4o/dijkstra,2014-02-23T04:24:14Z,1,0,3
16957456,Dijkstra,https://github.com/EndIsNear/Dijkstra,0,0,156,C++,https://api.github.com/repos/EndIsNear/Dijkstra,2014-02-18T17:36:58Z,1,0,7
18440554,dijkstra,https://github.com/mrgusev/dijkstra,0,0,492,JavaScript,https://api.github.com/repos/mrgusev/dijkstra,2014-04-04T13:54:11Z,1,0,2
18140207,dijkstra,https://github.com/jkamenik/dijkstra,1,0,157,Ruby,https://api.github.com/repos/jkamenik/dijkstra,2014-03-26T14:07:37Z,1,0,29
23342207,Dijkstra,https://github.com/tenerifeeHub/Dijkstra,0,0,8448,C++,https://api.github.com/repos/tenerifeeHub/Dijkstra,2014-08-26T07:05:14Z,1,0,3
19034141,dijkstra,https://github.com/laurinehu/dijkstra,0,0,1036,C,https://api.github.com/repos/laurinehu/dijkstra,2014-04-22T15:05:11Z,2,0,60
24343069,dijkstra,https://github.com/e23walls/dijkstra,0,0,136,C++,https://api.github.com/repos/e23walls/dijkstra,2014-09-22T19:49:01Z,1,0,4
23588889,Dijkstra,https://github.com/alex26toma/Dijkstra,0,0,108,,https://api.github.com/repos/alex26toma/Dijkstra,2014-09-02T17:43:59Z,1,0,1
22194535,Dijkstra,https://github.com/alvinthen/Dijkstra,0,0,144,C++,https://api.github.com/repos/alvinthen/Dijkstra,2014-07-24T02:33:27Z,1,0,2
21402657,Dijkstra,https://github.com/Aliendrop/Dijkstra,0,0,112,Python,https://api.github.com/repos/Aliendrop/Dijkstra,2014-07-01T21:13:39Z,1,0,4
26964798,Dijkstra,https://github.com/lpj93/Dijkstra,0,0,112,Java,https://api.github.com/repos/lpj93/Dijkstra,2014-11-21T15:13:26Z,1,0,1
27939940,dijkstra,https://github.com/ftimyo/dijkstra,0,0,104,C++,https://api.github.com/repos/ftimyo/dijkstra,2014-12-12T22:03:29Z,1,0,4
26156713,dijkstra,https://github.com/yves-sf/dijkstra,0,0,116,Ruby,https://api.github.com/repos/yves-sf/dijkstra,2014-11-04T06:52:38Z,1,0,5
28885866,dijkstra,https://github.com/ibrahawari/dijkstra,0,0,120,Assembly,https://api.github.com/repos/ibrahawari/dijkstra,2015-01-06T22:08:17Z,1,0,2
29262967,dijkstra,https://github.com/xnivel/dijkstra,0,0,108,Java,https://api.github.com/repos/xnivel/dijkstra,2015-01-14T19:59:15Z,1,0,1
27284251,Dijkstra,https://github.com/bpander/Dijkstra,0,0,224,JavaScript,https://api.github.com/repos/bpander/Dijkstra,2014-11-28T22:31:36Z,1,0,16
27147545,Dijkstra,https://github.com/StudentSource/Dijkstra,0,0,132,,https://api.github.com/repos/StudentSource/Dijkstra,2014-11-25T21:47:58Z,1,0,2
24633579,Dijkstra,https://github.com/kalisb/Dijkstra,0,0,124,C++,https://api.github.com/repos/kalisb/Dijkstra,2014-09-30T10:09:18Z,0,0,5
29303132,Dijkstra,https://github.com/hvictor92/Dijkstra,0,0,96,Java,https://api.github.com/repos/hvictor92/Dijkstra,2015-01-15T15:16:48Z,1,0,1
29653976,Dijkstra,https://github.com/nicholasklise/Dijkstra,0,1,108,Java,https://api.github.com/repos/nicholasklise/Dijkstra,2015-01-22T04:08:15Z,1,0,2
29693697,Dijkstra,https://github.com/mingycool/Dijkstra,0,0,1300,Java,https://api.github.com/repos/mingycool/Dijkstra,2015-01-22T18:38:49Z,1,0,3
19814080,Dijkstra,https://github.com/Sateanu/Dijkstra,0,0,108,C++,https://api.github.com/repos/Sateanu/Dijkstra,2014-05-15T09:36:35Z,1,0,1
20260395,Dijkstra,https://github.com/yuchun/Dijkstra,0,0,112,Java,https://api.github.com/repos/yuchun/Dijkstra,2014-05-28T14:24:45Z,1,0,1
22447017,dijkstra,https://github.com/iantowns/dijkstra,0,0,3804,Java,https://api.github.com/repos/iantowns/dijkstra,2014-07-30T22:22:26Z,0,0,1
26231221,Dijkstra,https://github.com/Dakstraede/Dijkstra,0,0,402,Java,https://api.github.com/repos/Dakstraede/Dijkstra,2014-11-05T17:33:01Z,2,0,53
30426394,dijkstra,https://github.com/jeanleonino/dijkstra,0,0,140,Ruby,https://api.github.com/repos/jeanleonino/dijkstra,2015-02-06T18:21:16Z,1,0,4
29272702,dijkstra,https://github.com/bpervan/dijkstra,0,0,120,Java,https://api.github.com/repos/bpervan/dijkstra,2015-01-15T00:21:35Z,1,0,2
31207563,Dijkstra,https://github.com/gschunk/Dijkstra,0,0,140,C++,https://api.github.com/repos/gschunk/Dijkstra,2015-02-23T12:41:35Z,1,0,8
31901036,Dijkstra,https://github.com/FivePente/Dijkstra,0,0,144,ActionScript,https://api.github.com/repos/FivePente/Dijkstra,2015-03-09T13:53:42Z,1,0,7
31979981,Dijkstra,https://github.com/alex2romanov/Dijkstra,0,0,152,Java,https://api.github.com/repos/alex2romanov/Dijkstra,2015-03-10T20:25:19Z,1,0,10
31434273,dijkstra,https://github.com/joeletizia/dijkstra,1,0,136,Ruby,https://api.github.com/repos/joeletizia/dijkstra,2015-02-27T18:58:08Z,1,0,3
33456176,Dijkstra,https://github.com/rogerolvr/Dijkstra,0,0,144,PHP,https://api.github.com/repos/rogerolvr/Dijkstra,2015-04-05T21:39:39Z,1,0,3
41510431,Dijkstra,https://github.com/zhliu23/Dijkstra,0,0,136,Java,https://api.github.com/repos/zhliu23/Dijkstra,2015-08-27T20:45:15Z,1,0,9
40800003,Dijkstra,https://github.com/bongani-m/Dijkstra,0,0,100,JavaScript,https://api.github.com/repos/bongani-m/Dijkstra,2015-08-16T05:23:50Z,1,0,1
34520625,Dijkstra,https://github.com/ShengyuanLu/Dijkstra,0,0,156,Scala,https://api.github.com/repos/ShengyuanLu/Dijkstra,2015-04-24T13:36:57Z,1,0,13
34186104,dijkstra,https://github.com/Ir2Sora/dijkstra,0,0,140,Java,https://api.github.com/repos/Ir2Sora/dijkstra,2015-04-18T23:01:12Z,1,0,5
34022637,Dijkstra,https://github.com/rakibits/Dijkstra,0,0,140,Java,https://api.github.com/repos/rakibits/Dijkstra,2015-04-15T22:54:13Z,1,0,8
35930249,Dijkstra,https://github.com/swalker-/Dijkstra,1,0,163,Python,https://api.github.com/repos/swalker-/Dijkstra,2015-05-20T06:31:18Z,1,0,18
32594161,Dijkstra,https://github.com/skyvinyu/Dijkstra,0,0,0,,https://api.github.com/repos/skyvinyu/Dijkstra,2015-03-20T16:17:44Z,1,0,-1
32955995,Dijkstra,https://github.com/MohammedRakayby/Dijkstra,0,0,104,Java,https://api.github.com/repos/MohammedRakayby/Dijkstra,2015-03-26T22:49:50Z,1,0,1
45467014,dijkstra,https://github.com/kanagarajuror/dijkstra,0,0,108,Ruby,https://api.github.com/repos/kanagarajuror/dijkstra,2015-11-03T13:07:21Z,1,0,1
11098785,Dijkstra,https://github.com/tfeldmann/Dijkstra,0,1,108,Python,https://api.github.com/repos/tfeldmann/Dijkstra,2013-07-01T15:23:40Z,1,0,2
45909637,Dijkstra,https://github.com/MazenBadr/Dijkstra,0,0,0,Java,https://api.github.com/repos/MazenBadr/Dijkstra,2015-11-10T12:11:13Z,1,0,1
45982614,Dijkstra,https://github.com/vpdd/Dijkstra,0,0,0,Python,https://api.github.com/repos/vpdd/Dijkstra,2015-11-11T13:14:09Z,1,0,3
45875877,Dijkstra,https://github.com/Lewwis/Dijkstra,0,0,15,Java,https://api.github.com/repos/Lewwis/Dijkstra,2015-11-10T00:11:20Z,1,0,2
51603488,dijkstra,https://github.com/zakattak/dijkstra,0,0,11,C++,https://api.github.com/repos/zakattak/dijkstra,2016-02-12T17:11:36Z,1,0,3
51707973,Dijkstra,https://github.com/clementgarbay/Dijkstra,0,0,1,Swift,https://api.github.com/repos/clementgarbay/Dijkstra,2016-02-14T18:46:21Z,1,0,1
49923642,Dijkstra,https://github.com/Montezumas/Dijkstra,0,0,4,C++,https://api.github.com/repos/Montezumas/Dijkstra,2016-01-19T03:29:34Z,1,0,1
50448909,Dijkstra,https://github.com/sexobert/Dijkstra,0,0,2,C++,https://api.github.com/repos/sexobert/Dijkstra,2016-01-26T18:16:26Z,1,0,3
50679521,Dijkstra,https://github.com/SeimuPVE/Dijkstra,0,0,628,Python,https://api.github.com/repos/SeimuPVE/Dijkstra,2016-01-29T17:43:28Z,1,0,5
50856788,Dijkstra,https://github.com/tinysqueak/Dijkstra,0,0,16,Java,https://api.github.com/repos/tinysqueak/Dijkstra,2016-02-01T17:22:02Z,1,0,12
51620386,Dijkstra,https://github.com/jvivesb/Dijkstra,0,0,0,,https://api.github.com/repos/jvivesb/Dijkstra,2016-02-12T22:20:56Z,1,0,-1
12838229,Dijkstra,https://github.com/DominickMoreno/Dijkstra,0,1,332,C++,https://api.github.com/repos/DominickMoreno/Dijkstra,2013-09-15T00:34:03Z,1,0,35
47283524,Dijkstra,https://github.com/IArlongI/Dijkstra,0,0,0,,https://api.github.com/repos/IArlongI/Dijkstra,2015-12-02T19:31:53Z,1,0,-1
47787451,dijkstra,https://github.com/Havaldar/dijkstra,0,0,0,Python,https://api.github.com/repos/Havaldar/dijkstra,2015-12-10T21:06:13Z,1,0,1
49161451,dijkstra,https://github.com/samt95/dijkstra,0,0,3,Java,https://api.github.com/repos/samt95/dijkstra,2016-01-06T21:04:00Z,1,0,3
36870092,Dijkstra,https://github.com/neomadara/Dijkstra,0,0,19,Java,https://api.github.com/repos/neomadara/Dijkstra,2015-06-04T12:53:52Z,1,0,4
48409675,dijkstra,https://github.com/beeboypralienka/dijkstra,0,0,3,C++,https://api.github.com/repos/beeboypralienka/dijkstra,2015-12-22T04:08:43Z,1,0,4
48591022,Dijkstra,https://github.com/bharathramh92/Dijkstra,0,0,4,Python,https://api.github.com/repos/bharathramh92/Dijkstra,2015-12-25T20:49:18Z,1,0,3
49017127,Dijkstra,https://github.com/knkeniston/Dijkstra,0,0,16,Java,https://api.github.com/repos/knkeniston/Dijkstra,2016-01-04T19:06:47Z,1,0,1
48513855,Dijkstra,https://github.com/bd21/Dijkstra,0,0,8,Java,https://api.github.com/repos/bd21/Dijkstra,2015-12-23T22:34:11Z,1,0,2
49838726,dijkstra,https://github.com/IGI-111/dijkstra,0,0,2,Java,https://api.github.com/repos/IGI-111/dijkstra,2016-01-17T22:30:34Z,1,0,3
29585594,Dijkstra,https://github.com/mikokm/Dijkstra,1,1,833,C++,https://api.github.com/repos/mikokm/Dijkstra,2015-01-21T10:58:24Z,0,0,3
53301843,Dijkstra,https://github.com/hxsong-GitHub/Dijkstra,0,0,589,C++,https://api.github.com/repos/hxsong-GitHub/Dijkstra,2016-03-07T06:39:02Z,1,0,3
54243678,Dijkstra,https://github.com/hardworkinging/Dijkstra,0,0,0,,https://api.github.com/repos/hardworkinging/Dijkstra,2016-03-19T02:39:36Z,1,0,-1
51921777,Dijkstra,https://github.com/2Pit/Dijkstra,0,0,2,Java,https://api.github.com/repos/2Pit/Dijkstra,2016-02-17T12:42:57Z,0,0,1
52703554,Dijkstra,https://github.com/shiro900/Dijkstra,0,0,13,C++,https://api.github.com/repos/shiro900/Dijkstra,2016-02-28T03:57:24Z,1,0,2
28246975,Dijkstra,https://github.com/jpieroabarcam/Dijkstra,0,0,876,C++,https://api.github.com/repos/jpieroabarcam/Dijkstra,2014-12-19T21:27:46Z,1,0,15
53631557,Dijkstra,https://github.com/ChiJinxin/Dijkstra,0,0,1,,https://api.github.com/repos/ChiJinxin/Dijkstra,2016-03-11T01:55:01Z,1,0,2
53733536,Dijkstra,https://github.com/Buliangd/Dijkstra,0,0,0,,https://api.github.com/repos/Buliangd/Dijkstra,2016-03-12T13:39:03Z,1,0,1
53869691,dijkstra,https://github.com/mrswats/dijkstra,0,0,0,,https://api.github.com/repos/mrswats/dijkstra,2016-03-14T15:49:03Z,1,0,1
55106910,Dijkstra,https://github.com/Franko1307/Dijkstra,0,0,10,C++,https://api.github.com/repos/Franko1307/Dijkstra,2016-03-31T00:19:43Z,1,0,2
53996577,Dijkstra,https://github.com/xuan63/Dijkstra,0,0,1,Java,https://api.github.com/repos/xuan63/Dijkstra,2016-03-16T03:03:45Z,1,0,2
55702512,Dijkstra,https://github.com/Zhorin-Sergey/Dijkstra,0,0,152,,https://api.github.com/repos/Zhorin-Sergey/Dijkstra,2016-04-07T14:43:49Z,1,0,1
55018408,dijkstra,https://github.com/IMSSB/dijkstra,0,0,104,C,https://api.github.com/repos/IMSSB/dijkstra,2016-03-29T23:52:53Z,2,0,25
55410202,Dijkstra,https://github.com/r-bahch/Dijkstra,0,0,5,Racket,https://api.github.com/repos/r-bahch/Dijkstra,2016-04-04T12:41:28Z,1,0,2
56205669,Dijkstra,https://github.com/kevinkowa/Dijkstra,0,0,0,,https://api.github.com/repos/kevinkowa/Dijkstra,2016-04-14T03:52:19Z,1,0,-1
56514325,dijkstra,https://github.com/thiagolcks/dijkstra,0,0,267,Jupyter Notebook,https://api.github.com/repos/thiagolcks/dijkstra,2016-04-18T14:23:29Z,1,0,4
56238937,Dijkstra,https://github.com/wuQAQ/Dijkstra,0,0,6,C++,https://api.github.com/repos/wuQAQ/Dijkstra,2016-04-14T13:18:54Z,1,0,2
33064029,dijkstra,https://github.com/pladdy/dijkstra,0,0,382,Ruby,https://api.github.com/repos/pladdy/dijkstra,2015-03-29T06:32:19Z,1,0,9
57149755,Dijkstra,https://github.com/cj89/Dijkstra,0,0,20,C#,https://api.github.com/repos/cj89/Dijkstra,2016-04-26T17:50:09Z,1,0,12
56979568,Dijkstra,https://github.com/frtrotta/Dijkstra,0,0,11,Makefile,https://api.github.com/repos/frtrotta/Dijkstra,2016-04-24T15:39:05Z,0,0,2
7029932,dijkstra,https://github.com/yangsu/dijkstra,0,0,132,C++,https://api.github.com/repos/yangsu/dijkstra,2012-12-06T04:42:13Z,2,0,8
7974669,Dijkstra,https://github.com/CosmoCleaner/Dijkstra,1,0,95,Java,https://api.github.com/repos/CosmoCleaner/Dijkstra,2013-02-02T10:46:32Z,1,0,1
10008805,dijkstra,https://github.com/rafaelportela/dijkstra,0,0,192,Java,https://api.github.com/repos/rafaelportela/dijkstra,2013-05-12T03:39:12Z,1,0,18
10121948,dijkstra,https://github.com/tiagosamaha/dijkstra,1,1,124,Python,https://api.github.com/repos/tiagosamaha/dijkstra,2013-05-17T11:28:10Z,1,0,16
10185726,dijkstra,https://github.com/hyw/dijkstra,0,0,112,,https://api.github.com/repos/hyw/dijkstra,2013-05-21T01:49:13Z,1,0,5
9585052,Dijkstra,https://github.com/usern999/Dijkstra,0,0,104,C++,https://api.github.com/repos/usern999/Dijkstra,2013-04-21T20:13:31Z,1,0,1
10639403,Dijkstra,https://github.com/spixi/Dijkstra,0,1,1958,Java,https://api.github.com/repos/spixi/Dijkstra,2013-06-12T08:57:46Z,1,0,138
14327588,Dijkstra,https://github.com/jsqybfxsy/Dijkstra,0,0,108,C,https://api.github.com/repos/jsqybfxsy/Dijkstra,2013-11-12T09:18:19Z,1,0,4
14119712,dijkstra,https://github.com/oclockvn/dijkstra,0,0,5016,C++,https://api.github.com/repos/oclockvn/dijkstra,2013-11-04T18:32:11Z,1,0,1
15086804,Dijkstra,https://github.com/akarki15/Dijkstra,0,0,3836,Python,https://api.github.com/repos/akarki15/Dijkstra,2013-12-10T19:18:56Z,1,0,8
15152176,Dijkstra,https://github.com/jahguide89/Dijkstra,0,0,108,Java,https://api.github.com/repos/jahguide89/Dijkstra,2013-12-13T01:33:39Z,1,0,2
15211266,Dijkstra,https://github.com/Julia92/Dijkstra,0,0,100,Java,https://api.github.com/repos/Julia92/Dijkstra,2013-12-15T21:38:23Z,1,0,1
15294047,dijkstra,https://github.com/alu0100508031/dijkstra,0,0,100,Java,https://api.github.com/repos/alu0100508031/dijkstra,2013-12-18T20:55:08Z,1,0,1
13873404,dijkstra,https://github.com/jefigo/dijkstra,0,0,208,Ruby,https://api.github.com/repos/jefigo/dijkstra,2013-10-25T22:16:36Z,1,0,29
13969068,dijkstra,https://github.com/aromaron/dijkstra,0,0,128,Ruby,https://api.github.com/repos/aromaron/dijkstra,2013-10-29T21:20:27Z,0,0,7
13877701,dijkstra,https://github.com/rafaelramos/dijkstra,0,0,100,Ruby,https://api.github.com/repos/rafaelramos/dijkstra,2013-10-26T04:19:06Z,1,0,1
12640214,dijkstra,https://github.com/phistpop/dijkstra,0,0,56,,https://api.github.com/repos/phistpop/dijkstra,2013-09-06T09:05:13Z,1,0,-1
14994168,Dijkstra,https://github.com/sqeezy/Dijkstra,0,0,156,C#,https://api.github.com/repos/sqeezy/Dijkstra,2013-12-06T21:42:14Z,1,0,9
14542639,Dijkstra,https://github.com/cmiranda15/Dijkstra,0,0,56,,https://api.github.com/repos/cmiranda15/Dijkstra,2013-11-20T00:51:55Z,1,0,-1
2579816,Dijkstra,https://github.com/bigbang4u2/Dijkstra,0,1,92,,https://api.github.com/repos/bigbang4u2/Dijkstra,2011-10-15T01:29:20Z,1,0,1
4375292,dijkstra,https://github.com/9mat/dijkstra,0,1,96,,https://api.github.com/repos/9mat/dijkstra,2012-05-19T02:52:43Z,1,0,1
5094101,Dijkstra,https://github.com/aenain/Dijkstra,0,1,208,C++,https://api.github.com/repos/aenain/Dijkstra,2012-07-18T09:21:36Z,1,0,36
11000174,dijkstra,https://github.com/gerex/dijkstra,0,0,160,Java,https://api.github.com/repos/gerex/dijkstra,2013-06-27T15:12:53Z,2,0,10
11711478,dijkstra,https://github.com/amjadelkashef/dijkstra,1,0,120,Java,https://api.github.com/repos/amjadelkashef/dijkstra,2013-07-27T21:43:34Z,1,0,3
11717001,dijkstra,https://github.com/choyi0521/dijkstra,0,0,56,,https://api.github.com/repos/choyi0521/dijkstra,2013-07-28T07:55:01Z,1,0,-1
6999850,dijkstra,https://github.com/jeffhuys/dijkstra,0,0,114,Java,https://api.github.com/repos/jeffhuys/dijkstra,2012-12-04T12:47:46Z,0,0,3
653512,Dijkstra,https://github.com/thiagopradi/Dijkstra,0,1,96,Ruby,https://api.github.com/repos/thiagopradi/Dijkstra,2010-05-07T00:41:26Z,1,0,2
18074387,Dijkstra,https://github.com/jzthinkgeek/Dijkstra,0,0,116,Java,https://api.github.com/repos/jzthinkgeek/Dijkstra,2014-03-24T18:52:14Z,1,0,1
16663235,Dijkstra,https://github.com/BesuglovS/Dijkstra,0,1,140,C#,https://api.github.com/repos/BesuglovS/Dijkstra,2014-02-09T09:00:48Z,1,0,7
16658882,Dijkstra,https://github.com/long123king/Dijkstra,0,0,1408,C#,https://api.github.com/repos/long123king/Dijkstra,2014-02-09T03:19:08Z,1,0,1
16301674,Dijkstra,https://github.com/bmccorvey3/Dijkstra,0,0,136,Java,https://api.github.com/repos/bmccorvey3/Dijkstra,2014-01-28T04:02:02Z,1,0,3
30035009,Dijkstra,https://github.com/sommalia/Dijkstra,0,0,408,C#,https://api.github.com/repos/sommalia/Dijkstra,2015-01-29T18:37:25Z,1,0,21
27794247,Dijkstra,https://github.com/CAV3MANN/Dijkstra,0,0,208,Java,https://api.github.com/repos/CAV3MANN/Dijkstra,2014-12-10T00:20:25Z,1,0,10
27852433,dijkstra,https://github.com/anjizhao/dijkstra,0,0,136,Java,https://api.github.com/repos/anjizhao/dijkstra,2014-12-11T03:34:21Z,1,0,2
27375064,Dijkstra,https://github.com/ouassila/Dijkstra,0,0,136,Java,https://api.github.com/repos/ouassila/Dijkstra,2014-12-01T10:49:49Z,1,0,6
28708399,Dijkstra,https://github.com/Smily9/Dijkstra,0,0,144,Scala,https://api.github.com/repos/Smily9/Dijkstra,2015-01-02T09:01:02Z,1,0,5
29043158,dijkstra,https://github.com/aminami1127/dijkstra,0,0,132,Java,https://api.github.com/repos/aminami1127/dijkstra,2015-01-10T01:35:17Z,1,0,2
28473411,dijkstra,https://github.com/joharrow/dijkstra,0,0,104,C,https://api.github.com/repos/joharrow/dijkstra,2014-12-25T06:35:06Z,1,0,1
26016269,Dijkstra,https://github.com/christianwhite93/Dijkstra,0,0,140,C++,https://api.github.com/repos/christianwhite93/Dijkstra,2014-10-31T12:58:57Z,1,0,3
27281859,Dijkstra,https://github.com/leonardoleal/Dijkstra,0,0,688,Java,https://api.github.com/repos/leonardoleal/Dijkstra,2014-11-28T20:52:40Z,1,0,5
26984421,Dijkstra,https://github.com/lwang0306/Dijkstra,0,0,1172,Java,https://api.github.com/repos/lwang0306/Dijkstra,2014-11-22T01:04:57Z,1,0,4
23629464,Dijkstra,https://github.com/quaywin/Dijkstra,0,0,904,Java,https://api.github.com/repos/quaywin/Dijkstra,2014-09-03T17:06:19Z,1,0,1
21843749,dijkstra,https://github.com/nina124/dijkstra,0,0,1340,C++,https://api.github.com/repos/nina124/dijkstra,2014-07-15T02:41:24Z,1,0,2
24415662,dijkstra,https://github.com/tianxingjian/dijkstra,0,0,116,Java,https://api.github.com/repos/tianxingjian/dijkstra,2014-09-24T13:20:04Z,1,0,1
24602862,dijkstra,https://github.com/qzeng2490/dijkstra,0,0,140,Java,https://api.github.com/repos/qzeng2490/dijkstra,2014-09-29T16:21:22Z,1,0,10
20039705,Dijkstra,https://github.com/Sidem/Dijkstra,0,0,340,Java,https://api.github.com/repos/Sidem/Dijkstra,2014-05-21T22:34:01Z,1,0,2
19116743,dijkstra,https://github.com/EVergnaud/dijkstra,0,0,4544,C++,https://api.github.com/repos/EVergnaud/dijkstra,2014-04-24T17:04:33Z,1,0,9
18345155,Dijkstra,https://github.com/progasssignment/Dijkstra,0,0,136,Java,https://api.github.com/repos/progasssignment/Dijkstra,2014-04-01T21:14:59Z,1,0,1
20003009,dijkstra,https://github.com/teutatez/dijkstra,0,0,144,Ruby,https://api.github.com/repos/teutatez/dijkstra,2014-05-21T00:57:50Z,1,0,4
31882583,Dijkstra,https://github.com/ngokchau/Dijkstra,0,0,132,Java,https://api.github.com/repos/ngokchau/Dijkstra,2015-03-09T06:24:48Z,1,0,4
39011042,Dijkstra,https://github.com/miaopasi/Dijkstra,0,0,188,Java,https://api.github.com/repos/miaopasi/Dijkstra,2015-07-13T12:35:42Z,1,0,4
39173458,dijkstra,https://github.com/liyuan35023/dijkstra,0,0,0,,https://api.github.com/repos/liyuan35023/dijkstra,2015-07-16T03:03:22Z,1,0,-1
39294489,dijkstra,https://github.com/vperelman/dijkstra,0,0,100,C++,https://api.github.com/repos/vperelman/dijkstra,2015-07-18T10:16:18Z,1,0,1
42216502,dijkstra,https://github.com/oat9002/dijkstra,0,0,44,Java,https://api.github.com/repos/oat9002/dijkstra,2015-09-10T02:17:11Z,2,0,17
42162272,dijkstra,https://github.com/Kresch/dijkstra,0,0,160,R,https://api.github.com/repos/Kresch/dijkstra,2015-09-09T07:11:34Z,2,0,11
38257535,dijkstra,https://github.com/floydchenxf/dijkstra,0,0,112,Java,https://api.github.com/repos/floydchenxf/dijkstra,2015-06-29T16:17:11Z,1,0,3
43081332,DIJKSTRA,https://github.com/diegocamello/DIJKSTRA,0,0,0,,https://api.github.com/repos/diegocamello/DIJKSTRA,2015-09-24T17:14:33Z,1,0,-1
37422974,Dijkstra,https://github.com/DanielGillies/Dijkstra,0,0,144,Java,https://api.github.com/repos/DanielGillies/Dijkstra,2015-06-14T17:50:54Z,1,0,1
34499351,dijkstra,https://github.com/xuchenhui-5/dijkstra,0,0,136,C#,https://api.github.com/repos/xuchenhui-5/dijkstra,2015-04-24T05:15:59Z,1,0,2
34683042,Dijkstra,https://github.com/ziomarci/Dijkstra,0,0,100,C,https://api.github.com/repos/ziomarci/Dijkstra,2015-04-27T18:16:36Z,1,0,1
35535814,Dijkstra,https://github.com/PKoshkin/Dijkstra,0,0,1458,C++,https://api.github.com/repos/PKoshkin/Dijkstra,2015-05-13T07:57:23Z,1,0,16
33589701,dijkstra,https://github.com/mrajadinesh/dijkstra,0,0,720,Java,https://api.github.com/repos/mrajadinesh/dijkstra,2015-04-08T06:46:35Z,1,0,4
33266785,dijkstra,https://github.com/malacration/dijkstra,0,0,0,,https://api.github.com/repos/malacration/dijkstra,2015-04-01T19:03:06Z,1,0,-1
32309986,dijkstra,https://github.com/erlendr/dijkstra,0,0,244,JavaScript,https://api.github.com/repos/erlendr/dijkstra,2015-03-16T08:07:47Z,1,0,1
33213480,Dijkstra,https://github.com/markliederbach/Dijkstra,0,1,144,Java,https://api.github.com/repos/markliederbach/Dijkstra,2015-03-31T22:26:23Z,0,0,5
35994325,Dijkstra,https://github.com/dvberkel/Dijkstra,0,0,648,JavaScript,https://api.github.com/repos/dvberkel/Dijkstra,2015-05-21T06:06:21Z,1,0,56
36315024,Dijkstra,https://github.com/Frant1Kk/Dijkstra,0,0,2844,CSS,https://api.github.com/repos/Frant1Kk/Dijkstra,2015-05-26T18:18:45Z,1,0,1
36246016,dijkstra,https://github.com/zemen/dijkstra,0,0,128,C++,https://api.github.com/repos/zemen/dijkstra,2015-05-25T17:57:30Z,1,0,7
36629347,dijkstra,https://github.com/thefacetakt/dijkstra,0,0,120,C++,https://api.github.com/repos/thefacetakt/dijkstra,2015-06-01T00:49:57Z,1,0,7
36751585,dijkstra,https://github.com/jonatanschneider/dijkstra,0,0,15,C#,https://api.github.com/repos/jonatanschneider/dijkstra,2015-06-02T18:00:21Z,1,0,18
36577686,dijkstra,https://github.com/akukushkin/dijkstra,0,0,724,C++,https://api.github.com/repos/akukushkin/dijkstra,2015-05-30T22:14:53Z,1,0,16
35880507,dijkstra,https://github.com/gyunt/dijkstra,0,0,128,C,https://api.github.com/repos/gyunt/dijkstra,2015-05-19T12:24:33Z,0,0,6
36052048,Dijkstra,https://github.com/kanukanun/Dijkstra,0,0,120,C#,https://api.github.com/repos/kanukanun/Dijkstra,2015-05-22T04:22:26Z,1,0,3
36102561,Dijkstra,https://github.com/kantoku009/Dijkstra,0,0,10404,Python,https://api.github.com/repos/kantoku009/Dijkstra,2015-05-23T01:31:05Z,1,0,13
44649933,dijkstra,https://github.com/cesaenzv/dijkstra,0,0,148,PHP,https://api.github.com/repos/cesaenzv/dijkstra,2015-10-21T03:18:15Z,0,0,1
43728295,dijkstra,https://github.com/rajatbhatia1/dijkstra,0,0,124,C++,https://api.github.com/repos/rajatbhatia1/dijkstra,2015-10-06T03:38:58Z,1,0,3
45536559,dijkstra,https://github.com/pandubalraj/dijkstra,0,0,108,Ruby,https://api.github.com/repos/pandubalraj/dijkstra,2015-11-04T12:09:13Z,1,0,1
45353428,Dijkstra,https://github.com/pj6444/Dijkstra,0,0,108,Python,https://api.github.com/repos/pj6444/Dijkstra,2015-11-01T19:05:31Z,1,0,1
45453333,dijkstra,https://github.com/johnp2686/dijkstra,0,0,0,,https://api.github.com/repos/johnp2686/dijkstra,2015-11-03T08:49:50Z,1,0,-1
52368338,dijkstra,https://github.com/iamjay/dijkstra,0,0,2560,C#,https://api.github.com/repos/iamjay/dijkstra,2016-02-23T15:18:39Z,0,0,1
51894568,Dijkstra,https://github.com/hyoja/Dijkstra,0,0,42,C,https://api.github.com/repos/hyoja/Dijkstra,2016-02-17T04:29:42Z,1,0,1
51045632,dijkstra,https://github.com/bostonaholic/dijkstra,0,0,31,Ruby,https://api.github.com/repos/bostonaholic/dijkstra,2016-02-04T02:07:06Z,0,0,31
50043587,dijkstra,https://github.com/mem-memov/dijkstra,0,0,0,,https://api.github.com/repos/mem-memov/dijkstra,2016-01-20T16:35:21Z,1,0,1
49959291,dijkstra,https://github.com/mar5/dijkstra,0,0,366,HTML,https://api.github.com/repos/mar5/dijkstra,2016-01-19T14:49:05Z,1,0,16
52919318,dijkstra,https://github.com/wzcolon/dijkstra,0,0,13,Ruby,https://api.github.com/repos/wzcolon/dijkstra,2016-03-01T23:55:54Z,1,0,6
52338140,Dijkstra,https://github.com/JvalaDeus/Dijkstra,0,0,27,Java,https://api.github.com/repos/JvalaDeus/Dijkstra,2016-02-23T06:59:03Z,1,0,12
53122601,Dijkstra,https://github.com/Lavich/Dijkstra,0,0,0,,https://api.github.com/repos/Lavich/Dijkstra,2016-03-04T09:09:22Z,1,0,1
51783514,dijkstra,https://github.com/ahuer/dijkstra,0,0,27,Java,https://api.github.com/repos/ahuer/dijkstra,2016-02-15T20:31:51Z,1,1,9
45612363,Dijkstra,https://github.com/InvictusAmicus/Dijkstra,0,0,794,Java,https://api.github.com/repos/InvictusAmicus/Dijkstra,2015-11-05T13:18:29Z,2,0,41
46148324,dijkstra,https://github.com/mummamw/dijkstra,0,0,0,Python,https://api.github.com/repos/mummamw/dijkstra,2015-11-13T21:31:26Z,2,0,2
46153041,Dijkstra,https://github.com/adriiF/Dijkstra,0,0,0,Java,https://api.github.com/repos/adriiF/Dijkstra,2015-11-13T23:40:08Z,1,0,1
46010939,Dijkstra,https://github.com/luiscoronel/Dijkstra,0,0,0,,https://api.github.com/repos/luiscoronel/Dijkstra,2015-11-11T21:28:45Z,1,0,-1
46094768,Dijkstra,https://github.com/Rich143/Dijkstra,0,0,72,C++,https://api.github.com/repos/Rich143/Dijkstra,2015-11-13T02:29:22Z,1,0,4
34241879,dijkstra,https://github.com/iamprem/dijkstra,0,0,160,Java,https://api.github.com/repos/iamprem/dijkstra,2015-04-20T06:20:05Z,1,0,11
14720138,dijkstra,https://github.com/JamesBurnside/dijkstra,0,0,124,C,https://api.github.com/repos/JamesBurnside/dijkstra,2013-11-26T15:09:16Z,0,0,5
46806907,Dijkstra,https://github.com/joshsilverman/Dijkstra,0,0,2166,C,https://api.github.com/repos/joshsilverman/Dijkstra,2015-11-24T17:17:34Z,1,0,36
55134314,Dijkstra,https://github.com/terry77228/Dijkstra,0,0,1,C++,https://api.github.com/repos/terry77228/Dijkstra,2016-03-31T08:39:37Z,1,0,2
54815469,dijkstra,https://github.com/ssachde5/dijkstra,0,0,9,Java,https://api.github.com/repos/ssachde5/dijkstra,2016-03-27T06:14:03Z,1,0,1
12776418,dijkstra,https://github.com/webTOdev/dijkstra,0,0,93,C++,https://api.github.com/repos/webTOdev/dijkstra,2013-09-12T06:12:54Z,1,0,5
54576609,Dijkstra,https://github.com/ehivan24/Dijkstra,0,0,4,Python,https://api.github.com/repos/ehivan24/Dijkstra,2016-03-23T16:40:50Z,1,0,1
154932,dijkstra,https://github.com/Elegia/dijkstra,0,1,84,,https://api.github.com/repos/Elegia/dijkstra,2009-03-20T10:48:10Z,5,0,2
50815179,Dijkstra,https://github.com/sarahdarwiche/Dijkstra,0,0,54,C++,https://api.github.com/repos/sarahdarwiche/Dijkstra,2016-02-01T04:59:28Z,1,0,7
55905532,Dijkstra,https://github.com/MariLeo/Dijkstra,0,0,1,,https://api.github.com/repos/MariLeo/Dijkstra,2016-04-10T15:03:19Z,1,0,1
24512651,dijkstra,https://github.com/Gamelena/dijkstra,0,0,19959,JavaScript,https://api.github.com/repos/Gamelena/dijkstra,2014-09-26T19:29:28Z,1,0,19
57002150,Dijkstra,https://github.com/Jacob-Lepere/Dijkstra,0,0,0,,https://api.github.com/repos/Jacob-Lepere/Dijkstra,2016-04-25T01:04:20Z,1,0,-1
53822529,dijkstra,https://github.com/railsOnTheFly/dijkstra,0,0,1,Ruby,https://api.github.com/repos/railsOnTheFly/dijkstra,2016-03-14T03:00:03Z,1,0,2
57866062,Dijkstra,https://github.com/edier9112/Dijkstra,0,0,15,C#,https://api.github.com/repos/edier9112/Dijkstra,2016-05-02T04:30:32Z,1,0,2
6643933,dijkstra-heaps-test,https://github.com/guitcastro/dijkstra-heaps-test,3,2,103,C++,https://api.github.com/repos/guitcastro/dijkstra-heaps-test,2012-11-11T20:28:15Z,1,1,3
23975145,dijkstra.gem,https://github.com/thinkphp/dijkstra.gem,3,0,23,Ruby,https://api.github.com/repos/thinkphp/dijkstra.gem,2014-09-12T20:08:36Z,2,0,43
3412635,JS-Dijkstra,https://github.com/marcolanaro/JS-Dijkstra,1,7,121,JavaScript,https://api.github.com/repos/marcolanaro/JS-Dijkstra,2012-02-11T01:05:17Z,1,0,10
37572125,ITE2Dijkstra,https://github.com/LFATCGS/ITE2Dijkstra,2,7,30284,HTML,https://api.github.com/repos/LFATCGS/ITE2Dijkstra,2015-06-17T04:17:08Z,22,0,341
34029449,Pathfinding,https://github.com/AlgorithmsMeetup/Pathfinding,7,1,303,JavaScript,https://api.github.com/repos/AlgorithmsMeetup/Pathfinding,2015-04-16T02:16:08Z,2,0,18
970131,shuntingyard,https://github.com/ekg/shuntingyard,8,17,143,Python,https://api.github.com/repos/ekg/shuntingyard,2010-10-07T18:35:32Z,3,0,2
14424128,dijkstralog,https://github.com/sapo93/dijkstralog,1,1,209,IDL,https://api.github.com/repos/sapo93/dijkstralog,2013-11-15T12:44:15Z,2,0,27
8216126,DijkstrasDemo,https://github.com/KiranPanesar/DijkstrasDemo,1,3,218,Objective-C,https://api.github.com/repos/KiranPanesar/DijkstrasDemo,2013-02-15T10:03:16Z,1,0,4
27226908,DijkstraLib,https://github.com/wtw-software/DijkstraLib,1,0,147,Java,https://api.github.com/repos/wtw-software/DijkstraLib,2014-11-27T13:40:22Z,11,0,41
23273392,dijkstra-swift,https://github.com/josephliccini/dijkstra-swift,0,4,148,Swift,https://api.github.com/repos/josephliccini/dijkstra-swift,2014-08-24T04:42:53Z,1,0,6
20613438,Dijkstra-Objc,https://github.com/juliengomes/Dijkstra-Objc,1,4,156,Objective-C,https://api.github.com/repos/juliengomes/Dijkstra-Objc,2014-06-08T09:14:59Z,1,0,2
4478737,Dijkstra_ObjC,https://github.com/shoktong29/Dijkstra_ObjC,2,2,130,Objective-C,https://api.github.com/repos/shoktong29/Dijkstra_ObjC,2012-05-29T06:43:32Z,2,0,2
20352166,dijkstra-map,https://github.com/Yonaba/dijkstra-map,2,4,144,Lua,https://api.github.com/repos/Yonaba/dijkstra-map,2014-05-31T08:31:44Z,2,0,4
42542029,loquacious-turtle,https://github.com/Tyd93/loquacious-turtle,0,0,200,C,https://api.github.com/repos/Tyd93/loquacious-turtle,2015-09-15T19:37:54Z,1,0,12
40026598,Algorithms,https://github.com/Runespear/Algorithms,0,0,108,Java,https://api.github.com/repos/Runespear/Algorithms,2015-07-31T22:02:33Z,1,0,2
42713427,ParkShortPath,https://github.com/Gd58/ParkShortPath,0,0,65568,HTML,https://api.github.com/repos/Gd58/ParkShortPath,2015-09-18T09:51:17Z,1,0,1
9143933,hipster,https://github.com/citiususc/hipster,47,113,5587,Java,https://api.github.com/repos/citiususc/hipster,2013-04-01T08:42:29Z,13,1,723
1114860,Dijkstras,https://github.com/oleander/Dijkstras,0,2,2180,Java,https://api.github.com/repos/oleander/Dijkstras,2010-11-26T15:29:49Z,2,0,31
19886872,dijkstrajs,https://github.com/tcort/dijkstrajs,1,3,120,JavaScript,https://api.github.com/repos/tcort/dijkstrajs,2014-05-17T13:12:45Z,2,0,14
20845163,planjure,https://github.com/elben/planjure,4,116,397,Clojure,https://api.github.com/repos/elben/planjure,2014-06-15T00:51:23Z,4,0,61
2886591,dijkstra-swkka,https://github.com/UrsKR/dijkstra-swkka,0,2,224,Groovy,https://api.github.com/repos/UrsKR/dijkstra-swkka,2011-11-30T21:32:02Z,1,0,83
1706540,elixir-of-dijkstra,https://github.com/applicake/elixir-of-dijkstra,0,4,259,Elixir,https://api.github.com/repos/applicake/elixir-of-dijkstra,2011-05-05T14:16:18Z,2,0,8
27680767,dijkstra-performance,https://github.com/gabormakrai/dijkstra-performance,2,2,992,Java,https://api.github.com/repos/gabormakrai/dijkstra-performance,2014-12-07T18:54:06Z,1,0,83
20576091,dijkstra-airline,https://github.com/arinal/dijkstra-airline,0,2,220,Java,https://api.github.com/repos/arinal/dijkstra-airline,2014-06-06T19:51:28Z,1,0,2
23890300,node-dijkstra,https://github.com/thinkphp/node-dijkstra,0,2,152,JavaScript,https://api.github.com/repos/thinkphp/node-dijkstra,2014-09-10T20:08:49Z,1,0,11
4176483,packfire-dijkstra,https://github.com/packfire/packfire-dijkstra,0,2,100,PHP,https://api.github.com/repos/packfire/packfire-dijkstra,2012-04-29T18:30:13Z,2,0,6
3245321,php5-Dijkstra,https://github.com/bmichotte/php5-Dijkstra,0,4,100,PHP,https://api.github.com/repos/bmichotte/php5-Dijkstra,2012-01-23T09:10:00Z,1,0,3
1570337,walker,https://github.com/milare/walker,4,2,765,Objective-C,https://api.github.com/repos/milare/walker,2011-04-05T02:30:23Z,2,0,4
29842662,dijkstras,https://github.com/runvnc/dijkstras,0,0,416,JavaScript,https://api.github.com/repos/runvnc/dijkstras,2015-01-26T03:08:45Z,0,0,4
35438835,dijkstrajs,https://github.com/aichingm/dijkstrajs,0,0,156,JavaScript,https://api.github.com/repos/aichingm/dijkstrajs,2015-05-11T17:26:15Z,1,0,16
34181473,DIJKSTRASSSP,https://github.com/mohankumarnagarajan89/DIJKSTRASSSP,0,0,0,,https://api.github.com/repos/mohankumarnagarajan89/DIJKSTRASSSP,2015-04-18T20:26:08Z,1,0,-1
46366136,dijkstraenc-,https://github.com/felipelopez/dijkstraenc-,0,0,0,,https://api.github.com/repos/felipelopez/dijkstraenc-,2015-11-17T18:16:54Z,1,0,1
46998672,Dijkstras,https://github.com/Jmbrace/Dijkstras,0,0,274,C++,https://api.github.com/repos/Jmbrace/Dijkstras,2015-11-27T20:45:13Z,1,0,1
22100549,dijkstras,https://github.com/imrandomizer/dijkstras,0,0,140,C++,https://api.github.com/repos/imrandomizer/dijkstras,2014-07-22T10:51:10Z,1,0,8
31918161,dijkstras,https://github.com/originalSollua/dijkstras,0,0,120,Java,https://api.github.com/repos/originalSollua/dijkstras,2015-03-09T19:27:44Z,1,0,2
35222718,Dijkstras,https://github.com/bala1808/Dijkstras,0,0,180,Java,https://api.github.com/repos/bala1808/Dijkstras,2015-05-07T13:49:26Z,1,0,17
46649106,dijkstras,https://github.com/Vivek-sagar/dijkstras,0,0,19,C++,https://api.github.com/repos/Vivek-sagar/dijkstras,2015-11-22T06:18:36Z,1,0,1
34747408,Dijkstraz,https://github.com/erichall/Dijkstraz,0,0,8,Java,https://api.github.com/repos/erichall/Dijkstraz,2015-04-28T18:09:11Z,1,0,4
46939545,dijkstras,https://github.com/venky-D/dijkstras,0,0,1,Ruby,https://api.github.com/repos/venky-D/dijkstras,2015-11-26T17:27:26Z,1,0,3
10883268,dijkstracl,https://github.com/FabiApfelkern/dijkstracl,0,0,192,C,https://api.github.com/repos/FabiApfelkern/dijkstracl,2013-06-23T11:32:30Z,1,0,13
26204260,Dijkstras,https://github.com/JustinSchaeffer/Dijkstras,0,0,0,,https://api.github.com/repos/JustinSchaeffer/Dijkstras,2014-11-05T05:12:02Z,1,0,1
21129315,dijkstracoin,https://github.com/Dijkstracoin/dijkstracoin,0,0,2452,C++,https://api.github.com/repos/Dijkstracoin/dijkstracoin,2014-06-23T14:30:13Z,1,0,8
21331688,Dijkstras,https://github.com/jnels124/Dijkstras,0,0,128,Java,https://api.github.com/repos/jnels124/Dijkstras,2014-06-29T20:31:00Z,0,0,2
31517614,dijkstras,https://github.com/tymicruz/dijkstras,0,0,0,,https://api.github.com/repos/tymicruz/dijkstras,2015-03-02T01:09:47Z,1,0,-1
41286375,dijkstrajl,https://github.com/adamjvr/dijkstrajl,0,0,120,,https://api.github.com/repos/adamjvr/dijkstrajl,2015-08-24T06:31:29Z,1,0,1
33276311,dijkstrasdungeon,https://github.com/mbrich/dijkstrasdungeon,0,0,132,Python,https://api.github.com/repos/mbrich/dijkstrasdungeon,2015-04-01T22:27:25Z,2,0,9
45083376,dijkstras,https://github.com/baldwmic/dijkstras,0,1,874,Scala,https://api.github.com/repos/baldwmic/dijkstras,2015-10-28T02:22:48Z,1,0,2
57383952,dijkstras,https://github.com/jhallen978/dijkstras,0,0,3,Python,https://api.github.com/repos/jhallen978/dijkstras,2016-04-29T12:56:22Z,1,0,3
14713662,Dijkstra-Street-Mapping,https://github.com/fhinson/Dijkstra-Street-Mapping,0,2,156,Java,https://api.github.com/repos/fhinson/Dijkstra-Street-Mapping,2013-11-26T10:22:24Z,1,0,6
12955387,dijkstra-shunting-yard,https://github.com/eriksank/dijkstra-shunting-yard,0,2,136,Shell,https://api.github.com/repos/eriksank/dijkstra-shunting-yard,2013-09-19T18:00:43Z,2,0,4
12773166,Graph-AdjList-Dijkstra,https://github.com/crazykeyboard/Graph-AdjList-Dijkstra,2,1,156,C++,https://api.github.com/repos/crazykeyboard/Graph-AdjList-Dijkstra,2013-09-12T02:31:35Z,1,0,6
38309693,Dijkstra-s-algorithm,https://github.com/PHPAlgorithms/Dijkstra-s-algorithm,0,2,74,PHP,https://api.github.com/repos/PHPAlgorithms/Dijkstra-s-algorithm,2015-06-30T13:06:53Z,1,0,86
6054160,Calculator-for-Android,https://github.com/Digipom/Calculator-for-Android,14,9,155,Java,https://api.github.com/repos/Digipom/Calculator-for-Android,2012-10-03T01:39:58Z,4,0,2
36335290,graph_algorithm,https://github.com/muzixing/graph_algorithm,3,1,108,Python,https://api.github.com/repos/muzixing/graph_algorithm,2015-05-27T01:40:14Z,2,0,6
23735261,OpenCL_Sample,https://github.com/lishicao/OpenCL_Sample,0,3,4876,C++,https://api.github.com/repos/lishicao/OpenCL_Sample,2014-09-06T13:35:25Z,1,0,9
243642,erl_dijk,https://github.com/saketkunwar/erl_dijk,2,3,89,Erlang,https://api.github.com/repos/saketkunwar/erl_dijk,2009-07-05T14:19:04Z,2,0,2
12639246,beijing-subway,https://github.com/wuleying/beijing-subway,0,4,212,,https://api.github.com/repos/wuleying/beijing-subway,2013-09-06T08:15:36Z,1,0,3
4188824,DijkstraEccentricity,https://github.com/Cynicollision/DijkstraEccentricity,0,0,112,,https://api.github.com/repos/Cynicollision/DijkstraEccentricity,2012-05-01T01:48:03Z,1,0,2
11662564,dijkstraAlgorithm,https://github.com/litleleprikon/dijkstraAlgorithm,0,0,104,Python,https://api.github.com/repos/litleleprikon/dijkstraAlgorithm,2013-07-25T14:28:19Z,1,0,1
11857885,DijkstrasAlgorithm,https://github.com/bilalnurhusien/DijkstrasAlgorithm,0,0,196,C++,https://api.github.com/repos/bilalnurhusien/DijkstrasAlgorithm,2013-08-03T04:34:36Z,1,0,28
12636175,DijkstraMap,https://github.com/reinh/DijkstraMap,0,1,4448,Haskell,https://api.github.com/repos/reinh/DijkstraMap,2013-09-06T04:57:01Z,0,0,8
13874196,DijkstrasAlgorithm,https://github.com/fernando-barajas/DijkstrasAlgorithm,0,0,100,Ruby,https://api.github.com/repos/fernando-barajas/DijkstrasAlgorithm,2013-10-25T23:09:42Z,1,0,1
4363030,DijkstrasAlgorithm,https://github.com/TheWartek/DijkstrasAlgorithm,0,1,116,Java,https://api.github.com/repos/TheWartek/DijkstrasAlgorithm,2012-05-17T21:14:47Z,1,0,10
21407454,DijkstraProject,https://github.com/zbvyas/DijkstraProject,0,0,604,C++,https://api.github.com/repos/zbvyas/DijkstraProject,2014-07-02T01:23:51Z,1,0,1
19686296,DijkstraAlgorythm,https://github.com/YurBurGer/DijkstraAlgorythm,0,0,128,Java,https://api.github.com/repos/YurBurGer/DijkstraAlgorythm,2014-05-12T04:53:48Z,1,0,2
19215913,DijkstrasAlgorithm,https://github.com/NAVEENMN/DijkstrasAlgorithm,1,0,175,Python,https://api.github.com/repos/NAVEENMN/DijkstrasAlgorithm,2014-04-27T20:10:47Z,1,0,7
26201448,dijkstraProject,https://github.com/arobase-che/dijkstraProject,0,0,6016,Python,https://api.github.com/repos/arobase-che/dijkstraProject,2014-11-05T03:37:14Z,1,0,3
35252918,DijkstraAlgorithm,https://github.com/badstephbot/DijkstraAlgorithm,0,0,136,C++,https://api.github.com/repos/badstephbot/DijkstraAlgorithm,2015-05-08T01:50:48Z,1,0,3
37529832,DijkstraMethod,https://github.com/ValchukDmitry/DijkstraMethod,0,0,4468,JavaScript,https://api.github.com/repos/ValchukDmitry/DijkstraMethod,2015-06-16T12:52:50Z,2,0,81
51899483,DijkstraProject,https://github.com/Yuvely/DijkstraProject,0,0,2,C,https://api.github.com/repos/Yuvely/DijkstraProject,2016-02-17T06:13:09Z,1,0,1
51896532,DijkstraPrj,https://github.com/FoRTe21/DijkstraPrj,0,0,5,C,https://api.github.com/repos/FoRTe21/DijkstraPrj,2016-02-17T05:13:44Z,1,0,1
53204269,Dijkstra01,https://github.com/WoXinfeiyang/Dijkstra01,0,0,3,C,https://api.github.com/repos/WoXinfeiyang/Dijkstra01,2016-03-05T14:07:24Z,1,0,4
54277288,DijkstraProgram,https://github.com/shipbiulder101/DijkstraProgram,0,0,0,,https://api.github.com/repos/shipbiulder101/DijkstraProgram,2016-03-19T17:07:02Z,1,0,-1
56037114,DijkstraPath,https://github.com/nfinnity/DijkstraPath,0,0,640,C++,https://api.github.com/repos/nfinnity/DijkstraPath,2016-04-12T06:27:13Z,1,0,3
42612512,DijkstraCL,https://github.com/canautumn/DijkstraCL,0,1,344,C++,https://api.github.com/repos/canautumn/DijkstraCL,2015-09-16T20:47:36Z,1,0,11
56717733,dijkstraPython,https://github.com/maceduanderson/dijkstraPython,0,0,13,Python,https://api.github.com/repos/maceduanderson/dijkstraPython,2016-04-20T20:09:34Z,1,0,10
